DATE,VISITOR,VISITOR_PTS,HOME,HOME_PTS,VISITOR_ACRONYM,HOME_ACRONYM
2023-10-24,Los Angeles Lakers,107,Denver Nuggets,119,LAL,DEN
2023-10-24,Phoenix Suns,108,Golden State Warriors,104,PHO,GSW
2023-10-25,Houston Rockets,86,Orlando Magic,116,HOU,ORL
2023-10-25,Boston Celtics,108,New York Knicks,104,BOS,NYK
2023-10-25,Washington Wizards,120,Indiana Pacers,143,WAS,IND
2023-10-25,Atlanta Hawks,110,Charlotte Hornets,116,ATL,CHO
2023-10-25,Detroit Pistons,102,Miami Heat,103,DET,MIA
2023-10-25,Minnesota Timberwolves,94,Toronto Raptors,97,MIN,TOR
2023-10-25,Cleveland Cavaliers,114,Brooklyn Nets,113,CLE,BRK
2023-10-25,New Orleans Pelicans,111,Memphis Grizzlies,104,NOP,MEM
2023-10-25,Oklahoma City Thunder,124,Chicago Bulls,104,OKC,CHI
2023-10-25,Sacramento Kings,130,Utah Jazz,114,SAC,UTA
2023-10-25,Dallas Mavericks,126,San Antonio Spurs,119,DAL,SAS
2023-10-25,Portland Trail Blazers,111,Los Angeles Clippers,123,POR,LAC
2023-10-26,Philadelphia 76ers,117,Milwaukee Bucks,118,PHI,MIL
2023-10-26,Phoenix Suns,95,Los Angeles Lakers,100,PHO,LAL
2023-10-27,Denver Nuggets,108,Memphis Grizzlies,104,DEN,MEM
2023-10-27,Detroit Pistons,111,Charlotte Hornets,99,DET,CHO
2023-10-27,New York Knicks,126,Atlanta Hawks,120,NYK,ATL
2023-10-27,Oklahoma City Thunder,108,Cleveland Cavaliers,105,OKC,CLE
2023-10-27,Miami Heat,111,Boston Celtics,119,MIA,BOS
2023-10-27,Toronto Raptors,103,Chicago Bulls,104,TOR,CHI
2023-10-27,Houston Rockets,122,San Antonio Spurs,126,HOU,SAS
2023-10-27,Brooklyn Nets,120,Dallas Mavericks,125,BRK,DAL
2023-10-27,Los Angeles Clippers,118,Utah Jazz,120,LAC,UTA
2023-10-27,Orlando Magic,102,Portland Trail Blazers,97,ORL,POR
2023-10-27,Golden State Warriors,122,Sacramento Kings,114,GSW,SAC
2023-10-28,Chicago Bulls,102,Detroit Pistons,118,CHI,DET
2023-10-28,Memphis Grizzlies,106,Washington Wizards,113,MEM,WAS
2023-10-28,New York Knicks,87,New Orleans Pelicans,96,NYK,NOP
2023-10-28,Indiana Pacers,125,Cleveland Cavaliers,113,IND,CLE
2023-10-28,Philadelphia 76ers,114,Toronto Raptors,107,PHI,TOR
2023-10-28,Miami Heat,90,Minnesota Timberwolves,106,MIA,MIN
2023-10-28,Utah Jazz,104,Phoenix Suns,126,UTA,PHO
2023-10-29,Denver Nuggets,128,Oklahoma City Thunder,95,DEN,OKC
2023-10-29,Golden State Warriors,106,Houston Rockets,95,GSW,HOU
2023-10-29,Atlanta Hawks,127,Milwaukee Bucks,110,ATL,MIL
2023-10-29,Portland Trail Blazers,98,Philadelphia 76ers,126,POR,PHI
2023-10-29,San Antonio Spurs,83,Los Angeles Clippers,123,SAS,LAC
2023-10-29,Los Angeles Lakers,127,Sacramento Kings,132,LAL,SAC
2023-10-30,Chicago Bulls,112,Indiana Pacers,105,CHI,IND
2023-10-30,Boston Celtics,126,Washington Wizards,107,BOS,WAS
2023-10-30,Brooklyn Nets,133,Charlotte Hornets,121,BRK,CHO
2023-10-30,Portland Trail Blazers,99,Toronto Raptors,91,POR,TOR
2023-10-30,Minnesota Timberwolves,113,Atlanta Hawks,127,MIN,ATL
2023-10-30,Dallas Mavericks,125,Memphis Grizzlies,110,DAL,MEM
2023-10-30,Miami Heat,114,Milwaukee Bucks,122,MIA,MIL
2023-10-30,Golden State Warriors,130,New Orleans Pelicans,102,GSW,NOP
2023-10-30,Detroit Pistons,112,Oklahoma City Thunder,124,DET,OKC
2023-10-30,Utah Jazz,102,Denver Nuggets,110,UTA,DEN
2023-10-30,Orlando Magic,103,Los Angeles Lakers,106,ORL,LAL
2023-10-31,New York Knicks,109,Cleveland Cavaliers,91,NYK,CLE
2023-10-31,San Antonio Spurs,115,Phoenix Suns,114,SAS,PHO
2023-10-31,Orlando Magic,102,Los Angeles Clippers,118,ORL,LAC
2023-11-01,Portland Trail Blazers,110,Detroit Pistons,101,POR,DET
2023-11-01,Milwaukee Bucks,111,Toronto Raptors,130,MIL,TOR
2023-11-01,Washington Wizards,121,Atlanta Hawks,130,WAS,ATL
2023-11-01,Indiana Pacers,104,Boston Celtics,155,IND,BOS
2023-11-01,Brooklyn Nets,109,Miami Heat,105,BRK,MIA
2023-11-01,Cleveland Cavaliers,95,New York Knicks,89,CLE,NYK
2023-11-01,New Orleans Pelicans,110,Oklahoma City Thunder,106,NOP,OKC
2023-11-01,Charlotte Hornets,119,Houston Rockets,128,CHO,HOU
2023-11-01,Denver Nuggets,89,Minnesota Timberwolves,110,DEN,MIN
2023-11-01,Chicago Bulls,105,Dallas Mavericks,114,CHI,DAL
2023-11-01,Memphis Grizzlies,109,Utah Jazz,133,MEM,UTA
2023-11-01,Sacramento Kings,101,Golden State Warriors,102,SAC,GSW
2023-11-01,Los Angeles Clippers,125,Los Angeles Lakers,130,LAC,LAL
2023-11-02,Toronto Raptors,99,Philadelphia 76ers,114,TOR,PHI
2023-11-02,Detroit Pistons,116,New Orleans Pelicans,125,DET,NOP
2023-11-02,Orlando Magic,115,Utah Jazz,113,ORL,UTA
2023-11-02,San Antonio Spurs,132,Phoenix Suns,121,SAS,PHO
2023-11-03,Cleveland Cavaliers,116,Indiana Pacers,121,CLE,IND
2023-11-03,New York Knicks,105,Milwaukee Bucks,110,NYK,MIL
2023-11-03,Brooklyn Nets,109,Chicago Bulls,107,BRK,CHI
2023-11-03,Washington Wizards,114,Miami Heat,121,WAS,MIA
2023-11-03,Golden State Warriors,141,Oklahoma City Thunder,139,GSW,OKC
2023-11-03,Dallas Mavericks,114,Denver Nuggets,125,DAL,DEN
2023-11-03,Memphis Grizzlies,113,Portland Trail Blazers,115,MEM,POR
2023-11-04,Phoenix Suns,100,Philadelphia 76ers,112,PHO,PHI
2023-11-04,Charlotte Hornets,125,Indiana Pacers,124,CHO,IND
2023-11-04,Atlanta Hawks,123,New Orleans Pelicans,105,ATL,NOP
2023-11-04,Los Angeles Lakers,101,Orlando Magic,120,LAL,ORL
2023-11-04,Boston Celtics,124,Brooklyn Nets,114,BOS,BRK
2023-11-04,Sacramento Kings,89,Houston Rockets,107,SAC,HOU
2023-11-04,Utah Jazz,95,Minnesota Timberwolves,123,UTA,MIN
2023-11-04,Chicago Bulls,101,Denver Nuggets,123,CHI,DEN
2023-11-05,Phoenix Suns,120,Detroit Pistons,106,PHO,DET
2023-11-05,Toronto Raptors,123,San Antonio Spurs,116,TOR,SAS
2023-11-05,Golden State Warriors,104,Cleveland Cavaliers,115,GSW,CLE
2023-11-05,Charlotte Hornets,118,Dallas Mavericks,124,CHO,DAL
2023-11-05,Memphis Grizzlies,112,Portland Trail Blazers,100,MEM,POR
2023-11-06,Golden State Warriors,120,Detroit Pistons,109,GSW,DET
2023-11-06,San Antonio Spurs,111,Indiana Pacers,152,SAS,IND
2023-11-06,Dallas Mavericks,117,Orlando Magic,102,DAL,ORL
2023-11-06,Washington Wizards,128,Philadelphia 76ers,146,WAS,PHI
2023-11-06,Milwaukee Bucks,129,Brooklyn Nets,125,MIL,BRK
2023-11-06,Los Angeles Lakers,107,Miami Heat,108,LAL,MIA
2023-11-06,Los Angeles Clippers,97,New York Knicks,111,LAC,NYK
2023-11-06,Utah Jazz,113,Chicago Bulls,130,UTA,CHI
2023-11-06,Sacramento Kings,97,Houston Rockets,122,SAC,HOU
2023-11-06,Boston Celtics,109,Minnesota Timberwolves,114,BOS,MIN
2023-11-06,Atlanta Hawks,117,Oklahoma City Thunder,126,ATL,OKC
2023-11-06,New Orleans Pelicans,116,Denver Nuggets,134,NOP,DEN
2023-11-08,Washington Wizards,132,Charlotte Hornets,116,WAS,CHO
2023-11-08,Utah Jazz,118,Indiana Pacers,134,UTA,IND
2023-11-08,Boston Celtics,103,Philadelphia 76ers,106,BOS,PHI
2023-11-08,Los Angeles Clippers,93,Brooklyn Nets,100,LAC,BRK
2023-11-08,San Antonio Spurs,105,New York Knicks,126,SAS,NYK
2023-11-08,Phoenix Suns,116,Chicago Bulls,115,PHO,CHI
2023-11-08,Los Angeles Lakers,94,Houston Rockets,128,LAL,HOU
2023-11-08,Miami Heat,108,Memphis Grizzlies,102,MIA,MEM
2023-11-08,Detroit Pistons,118,Milwaukee Bucks,120,DET,MIL
2023-11-08,New Orleans Pelicans,101,Minnesota Timberwolves,122,NOP,MIN
2023-11-08,Cleveland Cavaliers,120,Oklahoma City Thunder,128,CLE,OKC
2023-11-08,Toronto Raptors,127,Dallas Mavericks,116,TOR,DAL
2023-11-08,Golden State Warriors,105,Denver Nuggets,108,GSW,DEN
2023-11-08,Portland Trail Blazers,118,Sacramento Kings,121,POR,SAC
2023-11-09,Milwaukee Bucks,124,Indiana Pacers,126,MIL,IND
2023-11-09,Atlanta Hawks,120,Orlando Magic,119,ATL,ORL
2023-11-10,Philadelphia 76ers,114,Detroit Pistons,106,PHI,DET
2023-11-10,Charlotte Hornets,124,Washington Wizards,117,CHO,WAS
2023-11-10,Brooklyn Nets,107,Boston Celtics,121,BRK,BOS
2023-11-10,New Orleans Pelicans,101,Houston Rockets,104,NOP,HOU
2023-11-10,Utah Jazz,127,Memphis Grizzlies,121,UTA,MEM
2023-11-10,Minnesota Timberwolves,117,San Antonio Spurs,110,MIN,SAS
2023-11-10,Los Angeles Clippers,126,Dallas Mavericks,144,LAC,DAL
2023-11-10,Los Angeles Lakers,122,Phoenix Suns,119,LAL,PHO
2023-11-10,Oklahoma City Thunder,98,Sacramento Kings,105,OKC,SAC
2023-11-11,Milwaukee Bucks,97,Orlando Magic,112,MIL,ORL
2023-11-11,Toronto Raptors,94,Boston Celtics,117,TOR,BOS
2023-11-11,Miami Heat,117,Atlanta Hawks,109,MIA,ATL
2023-11-11,Cleveland Cavaliers,118,Golden State Warriors,110,CLE,GSW
2023-11-12,Charlotte Hornets,107,New York Knicks,129,CHO,NYK
2023-11-12,Washington Wizards,94,Brooklyn Nets,102,WAS,BRK
2023-11-12,Memphis Grizzlies,105,Los Angeles Clippers,101,MEM,LAC
2023-11-12,Indiana Pacers,126,Philadelphia 76ers,137,IND,PHI
2023-11-12,Detroit Pistons,108,Chicago Bulls,119,DET,CHI
2023-11-12,Denver Nuggets,104,Houston Rockets,107,DEN,HOU
2023-11-12,Dallas Mavericks,136,New Orleans Pelicans,124,DAL,NOP
2023-11-12,Miami Heat,118,San Antonio Spurs,113,MIA,SAS
2023-11-12,Oklahoma City Thunder,111,Phoenix Suns,99,OKC,PHO
2023-11-12,Minnesota Timberwolves,116,Golden State Warriors,110,MIN,GSW
2023-11-12,Portland Trail Blazers,110,Los Angeles Lakers,116,POR,LAL
2023-11-13,New York Knicks,98,Boston Celtics,114,NYK,BOS
2023-11-13,Washington Wizards,107,Toronto Raptors,111,WAS,TOR
2023-11-13,Chicago Bulls,109,Milwaukee Bucks,118,CHI,MIL
2023-11-13,Cleveland Cavaliers,120,Sacramento Kings,132,CLE,SAC
2023-11-14,Miami Heat,111,Charlotte Hornets,105,MIA,CHO
2023-11-14,Atlanta Hawks,126,Detroit Pistons,120,ATL,DET
2023-11-14,Indiana Pacers,132,Philadelphia 76ers,126,IND,PHI
2023-11-14,Orlando Magic,104,Brooklyn Nets,124,ORL,BRK
2023-11-14,San Antonio Spurs,87,Oklahoma City Thunder,123,SAS,OKC
2023-11-14,Dallas Mavericks,110,New Orleans Pelicans,131,DAL,NOP
2023-11-14,Portland Trail Blazers,99,Utah Jazz,115,POR,UTA
2023-11-14,Los Angeles Clippers,108,Denver Nuggets,111,LAC,DEN
2023-11-14,Minnesota Timberwolves,104,Golden State Warriors,101,MIN,GSW
2023-11-14,Memphis Grizzlies,107,Los Angeles Lakers,134,MEM,LAL
2023-11-15,Dallas Mavericks,130,Washington Wizards,117,DAL,WAS
2023-11-15,New York Knicks,116,Atlanta Hawks,114,NYK,ATL
2023-11-15,Boston Celtics,117,Philadelphia 76ers,107,BOS,PHI
2023-11-15,Milwaukee Bucks,128,Toronto Raptors,112,MIL,TOR
2023-11-15,Orlando Magic,96,Chicago Bulls,94,ORL,CHI
2023-11-15,Minnesota Timberwolves,115,Phoenix Suns,133,MIN,PHO
2023-11-15,Sacramento Kings,125,Los Angeles Lakers,110,SAC,LAL
2023-11-15,Cleveland Cavaliers,109,Portland Trail Blazers,95,CLE,POR
2023-11-16,Brooklyn Nets,115,Miami Heat,122,BRK,MIA
2023-11-16,Oklahoma City Thunder,128,Golden State Warriors,109,OKC,GSW
2023-11-17,Milwaukee Bucks,130,Charlotte Hornets,99,MIL,CHO
2023-11-17,New York Knicks,120,Washington Wizards,99,NYK,WAS
2023-11-17,Philadelphia 76ers,126,Atlanta Hawks,116,PHI,ATL
2023-11-17,Detroit Pistons,100,Cleveland Cavaliers,108,DET,CLE
2023-11-17,Sacramento Kings,129,San Antonio Spurs,120,SAC,SAS
2023-11-17,Boston Celtics,108,Toronto Raptors,105,BOS,TOR
2023-11-17,Orlando Magic,103,Chicago Bulls,97,ORL,CHI
2023-11-17,Denver Nuggets,110,New Orleans Pelicans,115,DEN,NOP
2023-11-17,Los Angeles Lakers,107,Portland Trail Blazers,95,LAL,POR
2023-11-17,Phoenix Suns,131,Utah Jazz,128,PHO,UTA
2023-11-17,Houston Rockets,100,Los Angeles Clippers,106,HOU,LAC
2023-11-18,New York Knicks,122,Charlotte Hornets,108,NYK,CHO
2023-11-18,Minnesota Timberwolves,121,New Orleans Pelicans,120,MIN,NOP
2023-11-18,Miami Heat,97,Chicago Bulls,102,MIA,CHI
2023-11-18,Dallas Mavericks,125,Milwaukee Bucks,132,DAL,MIL
2023-11-18,Memphis Grizzlies,120,San Antonio Spurs,108,MEM,SAS
2023-11-18,Oklahoma City Thunder,130,Golden State Warriors,123,OKC,GSW
2023-11-19,Philadelphia 76ers,121,Brooklyn Nets,99,PHI,BRK
2023-11-19,Detroit Pistons,113,Toronto Raptors,142,DET,TOR
2023-11-19,Orlando Magic,128,Indiana Pacers,116,ORL,IND
2023-11-19,Denver Nuggets,109,Cleveland Cavaliers,121,DEN,CLE
2023-11-19,Sacramento Kings,129,Dallas Mavericks,113,SAC,DAL
2023-11-19,Boston Celtics,102,Memphis Grizzlies,100,BOS,MEM
2023-11-19,Phoenix Suns,140,Utah Jazz,137,PHO,UTA
2023-11-19,Oklahoma City Thunder,134,Portland Trail Blazers,91,OKC,POR
2023-11-19,Houston Rockets,104,Los Angeles Lakers,105,HOU,LAL
2023-11-20,Boston Celtics,118,Charlotte Hornets,121,BOS,CHO
2023-11-20,Denver Nuggets,107,Detroit Pistons,103,DEN,DET
2023-11-20,Milwaukee Bucks,142,Washington Wizards,129,MIL,WAS
2023-11-20,Miami Heat,118,Chicago Bulls,100,MIA,CHI
2023-11-20,New York Knicks,100,Minnesota Timberwolves,117,NYK,MIN
2023-11-20,Sacramento Kings,93,New Orleans Pelicans,129,SAC,NOP
2023-11-20,Los Angeles Clippers,124,San Antonio Spurs,99,LAC,SAS
2023-11-20,Houston Rockets,116,Golden State Warriors,121,HOU,GSW
2023-11-21,Toronto Raptors,107,Orlando Magic,126,TOR,ORL
2023-11-21,Indiana Pacers,157,Atlanta Hawks,152,IND,ATL
2023-11-21,Cleveland Cavaliers,122,Philadelphia 76ers,119,CLE,PHI
2023-11-21,Portland Trail Blazers,107,Phoenix Suns,120,POR,PHO
2023-11-21,Utah Jazz,99,Los Angeles Lakers,131,UTA,LAL
2023-11-22,Washington Wizards,114,Charlotte Hornets,117,WAS,CHO
2023-11-22,Denver Nuggets,119,Orlando Magic,124,DEN,ORL
2023-11-22,Brooklyn Nets,145,Atlanta Hawks,147,BRK,ATL
2023-11-22,Milwaukee Bucks,116,Boston Celtics,119,MIL,BOS
2023-11-22,Miami Heat,129,Cleveland Cavaliers,96,MIA,CLE
2023-11-22,Toronto Raptors,132,Indiana Pacers,131,TOR,IND
2023-11-22,Memphis Grizzlies,91,Houston Rockets,111,MEM,HOU
2023-11-22,Philadelphia 76ers,99,Minnesota Timberwolves,112,PHI,MIN
2023-11-22,Sacramento Kings,112,New Orleans Pelicans,117,SAC,NOP
2023-11-22,Chicago Bulls,102,Oklahoma City Thunder,116,CHI,OKC
2023-11-22,Los Angeles Clippers,109,San Antonio Spurs,102,LAC,SAS
2023-11-22,Golden State Warriors,115,Phoenix Suns,123,GSW,PHO
2023-11-22,Utah Jazz,105,Portland Trail Blazers,121,UTA,POR
2023-11-22,Dallas Mavericks,104,Los Angeles Lakers,101,DAL,LAL
2023-11-24,Boston Celtics,96,Orlando Magic,113,BOS,ORL
2023-11-24,Phoenix Suns,110,Memphis Grizzlies,89,PHO,MEM
2023-11-24,Miami Heat,98,New York Knicks,100,MIA,NYK
2023-11-24,Chicago Bulls,108,Toronto Raptors,121,CHI,TOR
2023-11-24,Denver Nuggets,86,Houston Rockets,105,DEN,HOU
2023-11-24,Detroit Pistons,113,Indiana Pacers,136,DET,IND
2023-11-24,Washington Wizards,128,Milwaukee Bucks,131,WAS,MIL
2023-11-24,Sacramento Kings,124,Minnesota Timberwolves,111,SAC,MIN
2023-11-24,San Antonio Spurs,112,Golden State Warriors,118,SAS,GSW
2023-11-24,New Orleans Pelicans,116,Los Angeles Clippers,106,NOP,LAC
2023-11-25,Philadelphia 76ers,127,Oklahoma City Thunder,123,PHI,OKC
2023-11-25,Miami Heat,97,Brooklyn Nets,112,MIA,BRK
2023-11-25,Atlanta Hawks,136,Washington Wizards,108,ATL,WAS
2023-11-25,Los Angeles Lakers,121,Cleveland Cavaliers,115,LAL,CLE
2023-11-25,New Orleans Pelicans,100,Utah Jazz,105,NOP,UTA
2023-11-25,Dallas Mavericks,88,Los Angeles Clippers,107,DAL,LAC
2023-11-26,Portland Trail Blazers,102,Milwaukee Bucks,108,POR,MIL
2023-11-26,Atlanta Hawks,103,Boston Celtics,113,ATL,BOS
2023-11-26,Minnesota Timberwolves,119,Memphis Grizzlies,97,MIN,MEM
2023-11-26,Phoenix Suns,116,New York Knicks,113,PHO,NYK
2023-11-26,Charlotte Hornets,117,Orlando Magic,130,CHO,ORL
2023-11-26,Chicago Bulls,109,Brooklyn Nets,118,CHI,BRK
2023-11-26,Toronto Raptors,102,Cleveland Cavaliers,105,TOR,CLE
2023-11-26,San Antonio Spurs,120,Denver Nuggets,132,SAS,DEN
2023-11-27,Washington Wizards,126,Detroit Pistons,107,WAS,DET
2023-11-27,Portland Trail Blazers,114,Indiana Pacers,110,POR,IND
2023-11-27,Los Angeles Lakers,94,Philadelphia 76ers,138,LAL,PHI
2023-11-27,New Orleans Pelicans,112,Utah Jazz,114,NOP,UTA
2023-11-27,Denver Nuggets,113,Los Angeles Clippers,104,DEN,LAC
2023-11-28,Chicago Bulls,97,Boston Celtics,124,CHI,BOS
2023-11-28,Toronto Raptors,103,Brooklyn Nets,115,TOR,BRK
2023-11-28,Atlanta Hawks,105,Cleveland Cavaliers,128,ATL,CLE
2023-11-28,Milwaukee Bucks,131,Miami Heat,124,MIL,MIA
2023-11-28,Charlotte Hornets,91,New York Knicks,115,CHO,NYK
2023-11-28,Oklahoma City Thunder,103,Minnesota Timberwolves,106,OKC,MIN
2023-11-28,Houston Rockets,115,Dallas Mavericks,121,HOU,DAL
2023-11-28,Golden State Warriors,123,Sacramento Kings,124,GSW,SAC
2023-11-29,Los Angeles Lakers,133,Detroit Pistons,107,LAL,DET
2023-11-29,Washington Wizards,120,Orlando Magic,139,WAS,ORL
2023-11-29,Phoenix Suns,105,Toronto Raptors,112,PHO,TOR
2023-11-29,Utah Jazz,91,Memphis Grizzlies,105,UTA,MEM
2023-11-29,Philadelphia 76ers,114,New Orleans Pelicans,124,PHI,NOP
2023-11-29,Houston Rockets,124,Denver Nuggets,134,HOU,DEN
2023-11-29,Los Angeles Clippers,131,Sacramento Kings,117,LAC,SAC
2023-11-30,Portland Trail Blazers,103,Cleveland Cavaliers,95,POR,CLE
2023-11-30,Charlotte Hornets,129,Brooklyn Nets,128,CHO,BRK
2023-11-30,Indiana Pacers,132,Miami Heat,142,IND,MIA
2023-11-30,Detroit Pistons,112,New York Knicks,118,DET,NYK
2023-11-30,Milwaukee Bucks,113,Chicago Bulls,120,MIL,CHI
2023-11-30,Utah Jazz,90,Minnesota Timberwolves,101,UTA,MIN
2023-11-30,Los Angeles Lakers,110,Oklahoma City Thunder,133,LAL,OKC
2023-11-30,Atlanta Hawks,137,San Antonio Spurs,135,ATL,SAS
2023-11-30,Los Angeles Clippers,114,Golden State Warriors,120,LAC,GSW
2023-12-01,Washington Wizards,125,Orlando Magic,130,WAS,ORL
2023-12-01,Philadelphia 76ers,119,Boston Celtics,125,PHI,BOS
2023-12-01,Memphis Grizzlies,108,Dallas Mavericks,94,MEM,DAL
2023-12-01,New York Knicks,119,Toronto Raptors,106,NYK,TOR
2023-12-01,San Antonio Spurs,106,New Orleans Pelicans,121,SAS,NOP
2023-12-01,Denver Nuggets,119,Phoenix Suns,111,DEN,PHO
2023-12-02,Golden State Warriors,112,Los Angeles Clippers,113,GSW,LAC
2023-12-02,Minnesota Timberwolves,123,Charlotte Hornets,117,MIN,CHO
2023-12-02,Orlando Magic,101,Brooklyn Nets,129,ORL,BRK
2023-12-02,Cleveland Cavaliers,110,Detroit Pistons,101,CLE,DET
2023-12-02,New Orleans Pelicans,118,Chicago Bulls,124,NOP,CHI
2023-12-02,Indiana Pacers,144,Miami Heat,129,IND,MIA
2023-12-02,Atlanta Hawks,121,Milwaukee Bucks,132,ATL,MIL
2023-12-02,Oklahoma City Thunder,126,Dallas Mavericks,120,OKC,DAL
2023-12-02,Memphis Grizzlies,109,Phoenix Suns,116,MEM,PHO
2023-12-02,Portland Trail Blazers,113,Utah Jazz,118,POR,UTA
2023-12-02,Denver Nuggets,117,Sacramento Kings,123,DEN,SAC
2023-12-02,Houston Rockets,97,Los Angeles Lakers,107,HOU,LAL
2023-12-04,Boston Celtics,112,Indiana Pacers,122,BOS,IND
2023-12-04,New Orleans Pelicans,127,Sacramento Kings,117,NOP,SAC
2023-12-05,New York Knicks,122,Milwaukee Bucks,146,NYK,MIL
2023-12-05,Phoenix Suns,103,Los Angeles Lakers,106,PHO,LAL
2023-12-06,Orlando Magic,111,Cleveland Cavaliers,121,ORL,CLE
2023-12-06,Memphis Grizzlies,116,Detroit Pistons,102,MEM,DET
2023-12-06,Philadelphia 76ers,131,Washington Wizards,126,PHI,WAS
2023-12-06,Brooklyn Nets,114,Atlanta Hawks,113,BRK,ATL
2023-12-06,San Antonio Spurs,94,Minnesota Timberwolves,102,SAS,MIN
2023-12-06,Miami Heat,112,Toronto Raptors,103,MIA,TOR
2023-12-06,Charlotte Hornets,100,Chicago Bulls,111,CHO,CHI
2023-12-06,Oklahoma City Thunder,101,Houston Rockets,110,OKC,HOU
2023-12-06,Utah Jazz,97,Dallas Mavericks,147,UTA,DAL
2023-12-06,Portland Trail Blazers,106,Golden State Warriors,110,POR,GSW
2023-12-06,Denver Nuggets,102,Los Angeles Clippers,111,DEN,LAC
2023-12-07,Indiana Pacers,128,Milwaukee Bucks,119,IND,MIL
2023-12-07,New Orleans Pelicans,89,Los Angeles Lakers,133,NOP,LAL
2023-12-08,Toronto Raptors,116,Charlotte Hornets,119,TOR,CHO
2023-12-08,Detroit Pistons,91,Orlando Magic,123,DET,ORL
2023-12-08,Atlanta Hawks,114,Philadelphia 76ers,125,ATL,PHI
2023-12-08,New York Knicks,123,Boston Celtics,133,NYK,BOS
2023-12-08,Washington Wizards,97,Brooklyn Nets,124,WAS,BRK
2023-12-08,Minnesota Timberwolves,127,Memphis Grizzlies,103,MIN,MEM
2023-12-08,Cleveland Cavaliers,111,Miami Heat,99,CLE,MIA
2023-12-08,Golden State Warriors,136,Oklahoma City Thunder,138,GSW,OKC
2023-12-08,Chicago Bulls,121,San Antonio Spurs,112,CHI,SAS
2023-12-08,Houston Rockets,114,Denver Nuggets,106,HOU,DEN
2023-12-08,Sacramento Kings,114,Phoenix Suns,106,SAC,PHO
2023-12-08,Dallas Mavericks,125,Portland Trail Blazers,112,DAL,POR
2023-12-08,Los Angeles Clippers,117,Utah Jazz,103,LAC,UTA
2023-12-09,Indiana Pacers,109,Los Angeles Lakers,123,IND,LAL
2023-12-11,Miami Heat,116,Charlotte Hornets,114,MIA,CHO
2023-12-11,Indiana Pacers,131,Detroit Pistons,123,IND,DET
2023-12-11,Cleveland Cavaliers,94,Orlando Magic,104,CLE,ORL
2023-12-11,Washington Wizards,101,Philadelphia 76ers,146,WAS,PHI
2023-12-11,Denver Nuggets,129,Atlanta Hawks,122,DEN,ATL
2023-12-11,Toronto Raptors,130,New York Knicks,136,TOR,NYK
2023-12-11,San Antonio Spurs,82,Houston Rockets,93,SAS,HOU
2023-12-11,Dallas Mavericks,120,Memphis Grizzlies,113,DAL,MEM
2023-12-11,Chicago Bulls,129,Milwaukee Bucks,133,CHI,MIL
2023-12-11,Minnesota Timberwolves,107,New Orleans Pelicans,121,MIN,NOP
2023-12-11,Utah Jazz,120,Oklahoma City Thunder,134,UTA,OKC
2023-12-11,Brooklyn Nets,118,Sacramento Kings,131,BRK,SAC
2023-12-11,Portland Trail Blazers,127,Los Angeles Clippers,132,POR,LAC
2023-12-12,Cleveland Cavaliers,113,Boston Celtics,120,CLE,BOS
2023-12-12,Los Angeles Lakers,125,Dallas Mavericks,127,LAL,DAL
2023-12-12,Denver Nuggets,114,Chicago Bulls,106,DEN,CHI
2023-12-12,Golden State Warriors,116,Phoenix Suns,119,GSW,PHO
2023-12-12,Sacramento Kings,99,Los Angeles Clippers,119,SAC,LAC
2023-12-13,Philadelphia 76ers,129,Detroit Pistons,111,PHI,DET
2023-12-13,New Orleans Pelicans,142,Washington Wizards,122,NOP,WAS
2023-12-13,Charlotte Hornets,104,Miami Heat,115,CHO,MIA
2023-12-13,Atlanta Hawks,128,Toronto Raptors,135,ATL,TOR
2023-12-13,Memphis Grizzlies,104,Houston Rockets,117,MEM,HOU
2023-12-13,Indiana Pacers,126,Milwaukee Bucks,140,IND,MIL
2023-12-13,Los Angeles Lakers,122,San Antonio Spurs,119,LAL,SAS
2023-12-13,Brooklyn Nets,116,Phoenix Suns,112,BRK,PHO
2023-12-13,New York Knicks,113,Utah Jazz,117,NYK,UTA
2023-12-14,Cleveland Cavaliers,107,Boston Celtics,116,CLE,BOS
2023-12-14,Chicago Bulls,124,Miami Heat,116,CHI,MIA
2023-12-14,Minnesota Timberwolves,119,Dallas Mavericks,101,MIN,DAL
2023-12-14,Brooklyn Nets,101,Denver Nuggets,124,BRK,DEN
2023-12-14,Utah Jazz,122,Portland Trail Blazers,114,UTA,POR
2023-12-14,Oklahoma City Thunder,123,Sacramento Kings,128,OKC,SAC
2023-12-14,Golden State Warriors,113,Los Angeles Clippers,121,GSW,LAC
2023-12-15,New Orleans Pelicans,112,Charlotte Hornets,107,NOP,CHO
2023-12-15,Detroit Pistons,92,Philadelphia 76ers,124,DET,PHI
2023-12-15,Indiana Pacers,123,Washington Wizards,137,IND,WAS
2023-12-15,Orlando Magic,111,Boston Celtics,128,ORL,BOS
2023-12-15,Los Angeles Lakers,115,San Antonio Spurs,129,LAL,SAS
2023-12-15,Atlanta Hawks,125,Toronto Raptors,104,ATL,TOR
2023-12-15,Houston Rockets,103,Memphis Grizzlies,96,HOU,MEM
2023-12-15,New York Knicks,139,Phoenix Suns,122,NYK,PHO
2023-12-16,Detroit Pistons,114,Milwaukee Bucks,146,DET,MIL
2023-12-16,Philadelphia 76ers,135,Charlotte Hornets,82,PHI,CHO
2023-12-16,Atlanta Hawks,119,Cleveland Cavaliers,127,ATL,CLE
2023-12-16,Chicago Bulls,116,Miami Heat,118,CHI,MIA
2023-12-16,Indiana Pacers,109,Minnesota Timberwolves,127,IND,MIN
2023-12-16,Brooklyn Nets,120,Golden State Warriors,124,BRK,GSW
2023-12-16,Oklahoma City Thunder,118,Denver Nuggets,117,OKC,DEN
2023-12-16,Dallas Mavericks,131,Portland Trail Blazers,120,DAL,POR
2023-12-16,Utah Jazz,104,Sacramento Kings,125,UTA,SAC
2023-12-16,New York Knicks,122,Los Angeles Clippers,144,NYK,LAC
2023-12-17,Orlando Magic,97,Boston Celtics,114,ORL,BOS
2023-12-17,New Orleans Pelicans,146,San Antonio Spurs,110,NOP,SAS
2023-12-17,Houston Rockets,119,Milwaukee Bucks,128,HOU,MIL
2023-12-17,Washington Wizards,108,Phoenix Suns,112,WAS,PHO
2023-12-17,Golden State Warriors,118,Portland Trail Blazers,114,GSW,POR
2023-12-18,Houston Rockets,130,Cleveland Cavaliers,135,HOU,CLE
2023-12-18,Los Angeles Clippers,151,Indiana Pacers,127,LAC,IND
2023-12-18,Chicago Bulls,108,Philadelphia 76ers,104,CHI,PHI
2023-12-18,Detroit Pistons,124,Atlanta Hawks,130,DET,ATL
2023-12-18,Minnesota Timberwolves,112,Miami Heat,108,MIN,MIA
2023-12-18,Charlotte Hornets,99,Toronto Raptors,114,CHO,TOR
2023-12-18,Memphis Grizzlies,97,Oklahoma City Thunder,116,MEM,OKC
2023-12-18,Dallas Mavericks,104,Denver Nuggets,130,DAL,DEN
2023-12-18,Brooklyn Nets,108,Utah Jazz,125,BRK,UTA
2023-12-18,Washington Wizards,131,Sacramento Kings,143,WAS,SAC
2023-12-18,New York Knicks,114,Los Angeles Lakers,109,NYK,LAL
2023-12-19,Memphis Grizzlies,115,New Orleans Pelicans,113,MEM,NOP
2023-12-19,San Antonio Spurs,119,Milwaukee Bucks,132,SAS,MIL
2023-12-19,Boston Celtics,126,Golden State Warriors,132,BOS,GSW
2023-12-19,Phoenix Suns,104,Portland Trail Blazers,109,PHO,POR
2023-12-20,Utah Jazz,116,Cleveland Cavaliers,124,UTA,CLE
2023-12-20,Charlotte Hornets,113,Indiana Pacers,144,CHO,IND
2023-12-20,Miami Heat,115,Orlando Magic,106,MIA,ORL
2023-12-20,Minnesota Timberwolves,113,Philadelphia 76ers,127,MIN,PHI
2023-12-20,New York Knicks,121,Brooklyn Nets,102,NYK,BRK
2023-12-20,Denver Nuggets,113,Toronto Raptors,104,DEN,TOR
2023-12-20,Los Angeles Lakers,108,Chicago Bulls,124,LAL,CHI
2023-12-20,Atlanta Hawks,134,Houston Rockets,127,ATL,HOU
2023-12-20,Los Angeles Clippers,120,Dallas Mavericks,111,LAC,DAL
2023-12-20,Boston Celtics,144,Sacramento Kings,119,BOS,SAC
2023-12-21,Utah Jazz,119,Detroit Pistons,111,UTA,DET
2023-12-21,New Orleans Pelicans,123,Cleveland Cavaliers,104,NOP,CLE
2023-12-21,San Antonio Spurs,95,Chicago Bulls,114,SAS,CHI
2023-12-21,Indiana Pacers,103,Memphis Grizzlies,116,IND,MEM
2023-12-21,Orlando Magic,114,Milwaukee Bucks,118,ORL,MIL
2023-12-21,Los Angeles Clippers,115,Oklahoma City Thunder,134,LAC,OKC
2023-12-21,Los Angeles Lakers,111,Minnesota Timberwolves,118,LAL,MIN
2023-12-21,Washington Wizards,118,Portland Trail Blazers,117,WAS,POR
2023-12-22,Toronto Raptors,111,Philadelphia 76ers,121,TOR,PHI
2023-12-22,Denver Nuggets,122,Brooklyn Nets,117,DEN,BRK
2023-12-22,Dallas Mavericks,96,Houston Rockets,122,DAL,HOU
2023-12-22,Atlanta Hawks,113,Miami Heat,122,ATL,MIA
2023-12-22,Washington Wizards,118,Golden State Warriors,129,WAS,GSW
2023-12-22,Phoenix Suns,105,Sacramento Kings,120,PHO,SAC
2023-12-23,Milwaukee Bucks,130,New York Knicks,111,MIL,NYK
2023-12-23,Boston Celtics,145,Los Angeles Clippers,108,BOS,LAC
2023-12-23,Denver Nuggets,102,Charlotte Hornets,95,DEN,CHO
2023-12-23,Orlando Magic,117,Indiana Pacers,110,ORL,IND
2023-12-23,Houston Rockets,106,New Orleans Pelicans,104,HOU,NOP
2023-12-23,Memphis Grizzlies,125,Atlanta Hawks,119,MEM,ATL
2023-12-23,Detroit Pistons,115,Brooklyn Nets,126,DET,BRK
2023-12-23,Utah Jazz,126,Toronto Raptors,119,UTA,TOR
2023-12-23,Cleveland Cavaliers,109,Chicago Bulls,95,CLE,CHI
2023-12-23,Los Angeles Lakers,129,Oklahoma City Thunder,120,LAL,OKC
2023-12-23,San Antonio Spurs,119,Dallas Mavericks,144,SAS,DAL
2023-12-23,Portland Trail Blazers,106,Golden State Warriors,126,POR,GSW
2023-12-23,Minnesota Timberwolves,110,Sacramento Kings,98,MIN,SAC
2023-12-25,Milwaukee Bucks,122,New York Knicks,129,MIL,NYK
2023-12-25,Golden State Warriors,114,Denver Nuggets,120,GSW,DEN
2023-12-25,Boston Celtics,126,Los Angeles Lakers,115,BOS,LAL
2023-12-25,Philadelphia 76ers,113,Miami Heat,119,PHI,MIA
2023-12-25,Dallas Mavericks,128,Phoenix Suns,114,DAL,PHO
2023-12-26,Brooklyn Nets,118,Detroit Pistons,112,BRK,DET
2023-12-26,Orlando Magic,127,Washington Wizards,119,ORL,WAS
2023-12-26,Atlanta Hawks,113,Chicago Bulls,118,ATL,CHI
2023-12-26,Indiana Pacers,123,Houston Rockets,117,IND,HOU
2023-12-26,Memphis Grizzlies,116,New Orleans Pelicans,115,MEM,NOP
2023-12-26,Minnesota Timberwolves,106,Oklahoma City Thunder,129,MIN,OKC
2023-12-26,Utah Jazz,130,San Antonio Spurs,118,UTA,SAS
2023-12-26,Sacramento Kings,113,Portland Trail Blazers,130,SAC,POR
2023-12-26,Charlotte Hornets,104,Los Angeles Clippers,113,CHO,LAC
2023-12-27,Philadelphia 76ers,112,Orlando Magic,92,PHI,ORL
2023-12-27,Toronto Raptors,132,Washington Wizards,102,TOR,WAS
2023-12-27,Milwaukee Bucks,144,Brooklyn Nets,122,MIL,BRK
2023-12-27,Phoenix Suns,129,Houston Rockets,113,PHO,HOU
2023-12-27,New York Knicks,120,Oklahoma City Thunder,129,NYK,OKC
2023-12-27,Cleveland Cavaliers,113,Dallas Mavericks,110,CLE,DAL
2023-12-28,Detroit Pistons,122,Boston Celtics,128,DET,BOS
2023-12-28,Indiana Pacers,120,Chicago Bulls,104,IND,CHI
2023-12-28,Dallas Mavericks,110,Minnesota Timberwolves,118,DAL,MIN
2023-12-28,Utah Jazz,105,New Orleans Pelicans,112,UTA,NOP
2023-12-28,Memphis Grizzlies,105,Denver Nuggets,142,MEM,DEN
2023-12-28,Miami Heat,114,Golden State Warriors,102,MIA,GSW
2023-12-28,San Antonio Spurs,118,Portland Trail Blazers,105,SAS,POR
2023-12-28,Charlotte Hornets,112,Los Angeles Lakers,133,CHO,LAL
2023-12-29,New York Knicks,108,Orlando Magic,117,NYK,ORL
2023-12-29,Brooklyn Nets,104,Washington Wizards,110,BRK,WAS
2023-12-29,Sacramento Kings,117,Atlanta Hawks,110,SAC,ATL
2023-12-29,Toronto Raptors,118,Boston Celtics,120,TOR,BOS
2023-12-29,Milwaukee Bucks,119,Cleveland Cavaliers,111,MIL,CLE
2023-12-29,Philadelphia 76ers,131,Houston Rockets,127,PHI,HOU
2023-12-29,Oklahoma City Thunder,119,Denver Nuggets,93,OKC,DEN
2023-12-29,Charlotte Hornets,119,Phoenix Suns,133,CHO,PHO
2023-12-29,San Antonio Spurs,128,Portland Trail Blazers,134,SAS,POR
2023-12-29,Memphis Grizzlies,106,Los Angeles Clippers,117,MEM,LAC
2023-12-30,Miami Heat,109,Utah Jazz,117,MIA,UTA
2023-12-30,Toronto Raptors,127,Detroit Pistons,129,TOR,DET
2023-12-30,New York Knicks,126,Indiana Pacers,140,NYK,IND
2023-12-30,Philadelphia 76ers,92,Chicago Bulls,105,PHI,CHI
2023-12-30,Los Angeles Lakers,106,Minnesota Timberwolves,108,LAL,MIN
2023-12-30,Dallas Mavericks,132,Golden State Warriors,122,DAL,GSW
2023-12-31,Atlanta Hawks,130,Washington Wizards,126,ATL,WAS
2023-12-31,Los Angeles Lakers,109,New Orleans Pelicans,129,LAL,NOP
2023-12-31,Brooklyn Nets,108,Oklahoma City Thunder,124,BRK,OKC
2023-12-31,Boston Celtics,134,San Antonio Spurs,101,BOS,SAS
2023-12-31,Sacramento Kings,123,Memphis Grizzlies,92,SAC,MEM
2023-12-31,Orlando Magic,107,Phoenix Suns,112,ORL,PHO
2024-01-01,Minnesota Timberwolves,106,New York Knicks,112,MIN,NYK
2024-01-01,Cleveland Cavaliers,121,Toronto Raptors,124,CLE,TOR
2024-01-01,Detroit Pistons,113,Houston Rockets,136,DET,HOU
2024-01-01,Indiana Pacers,122,Milwaukee Bucks,113,IND,MIL
2024-01-01,Charlotte Hornets,93,Denver Nuggets,111,CHO,DEN
2024-01-01,Portland Trail Blazers,88,Phoenix Suns,109,POR,PHO
2024-01-01,Dallas Mavericks,90,Utah Jazz,127,DAL,UTA
2024-01-01,Miami Heat,104,Los Angeles Clippers,121,MIA,LAC
2024-01-02,Chicago Bulls,97,Philadelphia 76ers,110,CHI,PHI
2024-01-02,San Antonio Spurs,98,Memphis Grizzlies,106,SAS,MEM
2024-01-02,Brooklyn Nets,85,New Orleans Pelicans,112,BRK,NOP
2024-01-02,Boston Celtics,123,Oklahoma City Thunder,127,BOS,OKC
2024-01-02,Orlando Magic,115,Golden State Warriors,121,ORL,GSW
2024-01-02,Charlotte Hornets,111,Sacramento Kings,104,CHO,SAC
2024-01-03,Washington Wizards,101,Cleveland Cavaliers,140,WAS,CLE
2024-01-03,Milwaukee Bucks,130,Indiana Pacers,142,MIL,IND
2024-01-03,Oklahoma City Thunder,138,Atlanta Hawks,141,OKC,ATL
2024-01-03,Brooklyn Nets,101,Houston Rockets,112,BRK,HOU
2024-01-03,Toronto Raptors,116,Memphis Grizzlies,111,TOR,MEM
2024-01-03,New Orleans Pelicans,117,Minnesota Timberwolves,106,NOP,MIN
2024-01-03,Portland Trail Blazers,97,Dallas Mavericks,126,POR,DAL
2024-01-03,Chicago Bulls,100,New York Knicks,116,CHI,NYK
2024-01-03,Los Angeles Clippers,131,Phoenix Suns,122,LAC,PHO
2024-01-03,Detroit Pistons,148,Utah Jazz,154,DET,UTA
2024-01-03,Miami Heat,110,Los Angeles Lakers,96,MIA,LAL
2024-01-03,Orlando Magic,135,Sacramento Kings,138,ORL,SAC
2024-01-04,Milwaukee Bucks,125,San Antonio Spurs,121,MIL,SAS
2024-01-04,Denver Nuggets,130,Golden State Warriors,127,DEN,GSW
2024-01-05,Utah Jazz,97,Boston Celtics,126,UTA,BOS
2024-01-05,Atlanta Hawks,116,Indiana Pacers,150,ATL,IND
2024-01-05,Oklahoma City Thunder,115,Brooklyn Nets,124,OKC,BRK
2024-01-05,Washington Wizards,90,Cleveland Cavaliers,114,WAS,CLE
2024-01-05,New York Knicks,128,Philadelphia 76ers,92,NYK,PHI
2024-01-05,Charlotte Hornets,91,Chicago Bulls,104,CHO,CHI
2024-01-05,Minnesota Timberwolves,122,Houston Rockets,95,MIN,HOU
2024-01-05,Los Angeles Clippers,111,New Orleans Pelicans,95,LAC,NOP
2024-01-05,Portland Trail Blazers,103,Dallas Mavericks,139,POR,DAL
2024-01-05,Orlando Magic,122,Denver Nuggets,120,ORL,DEN
2024-01-05,Miami Heat,97,Phoenix Suns,113,MIA,PHO
2024-01-05,Detroit Pistons,109,Golden State Warriors,113,DET,GSW
2024-01-05,Memphis Grizzlies,127,Los Angeles Lakers,113,MEM,LAL
2024-01-05,Toronto Raptors,130,Sacramento Kings,135,TOR,SAC
2024-01-06,Boston Celtics,118,Indiana Pacers,101,BOS,IND
2024-01-06,New York Knicks,121,Washington Wizards,105,NYK,WAS
2024-01-06,Utah Jazz,120,Philadelphia 76ers,109,UTA,PHI
2024-01-06,Milwaukee Bucks,108,Houston Rockets,112,MIL,HOU
2024-01-07,San Antonio Spurs,115,Cleveland Cavaliers,117,SAS,CLE
2024-01-07,Portland Trail Blazers,134,Brooklyn Nets,127,POR,BRK
2024-01-07,Atlanta Hawks,110,Orlando Magic,117,ATL,ORL
2024-01-07,New Orleans Pelicans,133,Sacramento Kings,100,NOP,SAC
2024-01-07,Minnesota Timberwolves,108,Dallas Mavericks,115,MIN,DAL
2024-01-07,Detroit Pistons,114,Denver Nuggets,131,DET,DEN
2024-01-07,Memphis Grizzlies,121,Phoenix Suns,115,MEM,PHO
2024-01-07,Toronto Raptors,133,Golden State Warriors,118,TOR,GSW
2024-01-07,Los Angeles Clippers,103,Los Angeles Lakers,106,LAC,LAL
2024-01-08,Chicago Bulls,119,Charlotte Hornets,112,CHI,CHO
2024-01-08,Boston Celtics,131,Indiana Pacers,133,BOS,IND
2024-01-08,Oklahoma City Thunder,136,Washington Wizards,128,OKC,WAS
2024-01-08,Houston Rockets,113,Miami Heat,120,HOU,MIA
2024-01-08,Utah Jazz,132,Milwaukee Bucks,116,UTA,MIL
2024-01-08,Phoenix Suns,111,Los Angeles Clippers,138,PHO,LAC
2024-01-09,Sacramento Kings,131,Detroit Pistons,110,SAC,DET
2024-01-09,Minnesota Timberwolves,113,Orlando Magic,92,MIN,ORL
2024-01-09,Portland Trail Blazers,84,New York Knicks,112,POR,NYK
2024-01-09,Memphis Grizzlies,120,Dallas Mavericks,103,MEM,DAL
2024-01-09,Toronto Raptors,131,Los Angeles Lakers,132,TOR,LAL
2024-01-10,Minnesota Timberwolves,120,Boston Celtics,127,MIN,BOS
2024-01-10,Sacramento Kings,123,Charlotte Hornets,98,SAC,CHO
2024-01-10,San Antonio Spurs,130,Detroit Pistons,108,SAS,DET
2024-01-10,Washington Wizards,104,Indiana Pacers,112,WAS,IND
2024-01-10,Philadelphia 76ers,132,Atlanta Hawks,139,PHI,ATL
2024-01-10,Oklahoma City Thunder,128,Miami Heat,120,OKC,MIA
2024-01-10,Houston Rockets,119,Chicago Bulls,124,HOU,CHI
2024-01-10,New Orleans Pelicans,141,Golden State Warriors,105,NOP,GSW
2024-01-10,Denver Nuggets,111,Utah Jazz,124,DEN,UTA
2024-01-10,Toronto Raptors,120,Los Angeles Clippers,126,TOR,LAC
2024-01-11,Brooklyn Nets,102,Cleveland Cavaliers,111,BRK,CLE
2024-01-11,Boston Celtics,102,Milwaukee Bucks,135,BOS,MIL
2024-01-11,Portland Trail Blazers,77,Oklahoma City Thunder,139,POR,OKC
2024-01-11,New York Knicks,124,Dallas Mavericks,128,NYK,DAL
2024-01-11,Phoenix Suns,127,Los Angeles Lakers,109,PHO,LAL
2024-01-12,Indiana Pacers,126,Atlanta Hawks,108,IND,ATL
2024-01-12,Houston Rockets,112,Detroit Pistons,110,HOU,DET
2024-01-12,Sacramento Kings,93,Philadelphia 76ers,112,SAC,PHI
2024-01-12,Golden State Warriors,140,Chicago Bulls,131,GSW,CHI
2024-01-12,Los Angeles Clippers,128,Memphis Grizzlies,119,LAC,MEM
2024-01-12,Orlando Magic,96,Miami Heat,99,ORL,MIA
2024-01-12,Portland Trail Blazers,93,Minnesota Timberwolves,116,POR,MIN
2024-01-12,Charlotte Hornets,99,San Antonio Spurs,135,CHO,SAS
2024-01-12,Toronto Raptors,113,Utah Jazz,145,TOR,UTA
2024-01-12,New Orleans Pelicans,113,Denver Nuggets,125,NOP,DEN
2024-01-13,Houston Rockets,113,Boston Celtics,145,HOU,BOS
2024-01-13,Washington Wizards,127,Atlanta Hawks,99,WAS,ATL
2024-01-13,New York Knicks,106,Memphis Grizzlies,94,NYK,MEM
2024-01-13,Golden State Warriors,118,Milwaukee Bucks,129,GSW,MIL
2024-01-13,Orlando Magic,100,Oklahoma City Thunder,112,ORL,OKC
2024-01-13,New Orleans Pelicans,118,Dallas Mavericks,108,NOP,DAL
2024-01-13,Chicago Bulls,122,San Antonio Spurs,116,CHI,SAS
2024-01-13,Los Angeles Lakers,125,Utah Jazz,132,LAL,UTA
2024-01-14,Indiana Pacers,109,Denver Nuggets,117,IND,DEN
2024-01-14,Charlotte Hornets,87,Miami Heat,104,CHO,MIA
2024-01-14,Sacramento Kings,142,Milwaukee Bucks,143,SAC,MIL
2024-01-14,Los Angeles Clippers,105,Minnesota Timberwolves,109,LAC,MIN
2024-01-14,Phoenix Suns,127,Portland Trail Blazers,116,PHO,POR
2024-01-15,Houston Rockets,115,Philadelphia 76ers,124,HOU,PHI
2024-01-15,New Orleans Pelicans,120,Dallas Mavericks,125,NOP,DAL
2024-01-15,Orlando Magic,98,New York Knicks,94,ORL,NYK
2024-01-15,Detroit Pistons,129,Washington Wizards,117,DET,WAS
2024-01-15,San Antonio Spurs,99,Atlanta Hawks,109,SAS,ATL
2024-01-15,Golden State Warriors,107,Memphis Grizzlies,116,GSW,MEM
2024-01-15,Chicago Bulls,91,Cleveland Cavaliers,109,CHI,CLE
2024-01-15,Miami Heat,96,Brooklyn Nets,95,MIA,BRK
2024-01-15,Boston Celtics,105,Toronto Raptors,96,BOS,TOR
2024-01-15,Indiana Pacers,105,Utah Jazz,132,IND,UTA
2024-01-15,Oklahoma City Thunder,105,Los Angeles Lakers,112,OKC,LAL
2024-01-16,Denver Nuggets,121,Philadelphia 76ers,126,DEN,PHI
2024-01-16,Sacramento Kings,117,Phoenix Suns,119,SAC,PHO
2024-01-16,Oklahoma City Thunder,117,Los Angeles Clippers,128,OKC,LAC
2024-01-17,Minnesota Timberwolves,124,Detroit Pistons,117,MIN,DET
2024-01-17,Orlando Magic,104,Atlanta Hawks,106,ORL,ATL
2024-01-17,San Antonio Spurs,98,Boston Celtics,117,SAS,BOS
2024-01-17,Milwaukee Bucks,95,Cleveland Cavaliers,135,MIL,CLE
2024-01-17,Houston Rockets,94,New York Knicks,109,HOU,NYK
2024-01-17,Miami Heat,97,Toronto Raptors,121,MIA,TOR
2024-01-17,Charlotte Hornets,112,New Orleans Pelicans,132,CHO,NOP
2024-01-17,Dallas Mavericks,110,Los Angeles Lakers,127,DAL,LAL
2024-01-17,Brooklyn Nets,103,Portland Trail Blazers,105,BRK,POR
2024-01-18,Washington Wizards,109,New York Knicks,113,WAS,NYK
2024-01-18,Chicago Bulls,116,Toronto Raptors,110,CHI,TOR
2024-01-18,Oklahoma City Thunder,134,Utah Jazz,129,OKC,UTA
2024-01-18,Memphis Grizzlies,103,Minnesota Timberwolves,118,MEM,MIN
2024-01-18,Indiana Pacers,126,Sacramento Kings,121,IND,SAC
2024-01-19,San Antonio Spurs,120,Charlotte Hornets,124,SAS,CHO
2024-01-19,Philadelphia 76ers,124,Orlando Magic,109,PHI,ORL
2024-01-19,Denver Nuggets,102,Boston Celtics,100,DEN,BOS
2024-01-19,Atlanta Hawks,109,Miami Heat,108,ATL,MIA
2024-01-19,Phoenix Suns,123,New Orleans Pelicans,109,PHO,NOP
2024-01-19,Indiana Pacers,115,Portland Trail Blazers,118,IND,POR
2024-01-19,Brooklyn Nets,130,Los Angeles Lakers,112,BRK,LAL
2024-01-20,Milwaukee Bucks,141,Detroit Pistons,135,MIL,DET
2024-01-20,Philadelphia 76ers,97,Charlotte Hornets,89,PHI,CHO
2024-01-20,San Antonio Spurs,131,Washington Wizards,127,SAS,WAS
2024-01-20,Cleveland Cavaliers,116,Atlanta Hawks,95,CLE,ATL
2024-01-20,Toronto Raptors,100,New York Knicks,126,TOR,NYK
2024-01-20,Memphis Grizzlies,96,Chicago Bulls,125,MEM,CHI
2024-01-20,Utah Jazz,126,Houston Rockets,127,UTA,HOU
2024-01-20,Oklahoma City Thunder,102,Minnesota Timberwolves,97,OKC,MIN
2024-01-21,Brooklyn Nets,114,Los Angeles Clippers,125,BRK,LAC
2024-01-21,Miami Heat,87,Orlando Magic,105,MIA,ORL
2024-01-21,Denver Nuggets,113,Washington Wizards,104,DEN,WAS
2024-01-21,Boston Celtics,116,Houston Rockets,107,BOS,HOU
2024-01-21,Indiana Pacers,110,Phoenix Suns,117,IND,PHO
2024-01-21,Portland Trail Blazers,110,Los Angeles Lakers,134,POR,LAL
2024-01-22,Milwaukee Bucks,122,Detroit Pistons,113,MIL,DET
2024-01-22,Cleveland Cavaliers,126,Orlando Magic,99,CLE,ORL
2024-01-22,San Antonio Spurs,123,Philadelphia 76ers,133,SAS,PHI
2024-01-22,Memphis Grizzlies,108,Toronto Raptors,100,MEM,TOR
2024-01-22,Charlotte Hornets,128,Minnesota Timberwolves,125,CHO,MIN
2024-01-22,Boston Celtics,119,Dallas Mavericks,110,BOS,DAL
2024-01-22,Chicago Bulls,113,Phoenix Suns,115,CHI,PHO
2024-01-22,Atlanta Hawks,107,Sacramento Kings,122,ATL,SAC
2024-01-23,Denver Nuggets,114,Indiana Pacers,109,DEN,IND
2024-01-23,New York Knicks,108,Brooklyn Nets,103,NYK,BRK
2024-01-23,Utah Jazz,124,New Orleans Pelicans,153,UTA,NOP
2024-01-23,Portland Trail Blazers,109,Oklahoma City Thunder,111,POR,OKC
2024-01-23,Los Angeles Lakers,116,Los Angeles Clippers,127,LAL,LAC
2024-01-24,Charlotte Hornets,106,Detroit Pistons,113,CHO,DET
2024-01-24,Minnesota Timberwolves,118,Washington Wizards,107,MIN,WAS
2024-01-24,Memphis Grizzlies,105,Miami Heat,96,MEM,MIA
2024-01-24,Portland Trail Blazers,137,Houston Rockets,131,POR,HOU
2024-01-24,Cleveland Cavaliers,116,Milwaukee Bucks,126,CLE,MIL
2024-01-24,Phoenix Suns,132,Dallas Mavericks,109,PHO,DAL
2024-01-24,Oklahoma City Thunder,140,San Antonio Spurs,114,OKC,SAS
2024-01-24,Atlanta Hawks,112,Golden State Warriors,134,ATL,GSW
2024-01-25,Philadelphia 76ers,122,Indiana Pacers,134,PHI,IND
2024-01-25,Utah Jazz,123,Washington Wizards,108,UTA,WAS
2024-01-25,Minnesota Timberwolves,96,Brooklyn Nets,94,MIN,BRK
2024-01-25,Boston Celtics,143,Miami Heat,110,BOS,MIA
2024-01-25,Denver Nuggets,84,New York Knicks,122,DEN,NYK
2024-01-25,Sacramento Kings,134,Golden State Warriors,133,SAC,GSW
2024-01-25,Chicago Bulls,132,Los Angeles Lakers,141,CHI,LAL
2024-01-26,Dallas Mavericks,148,Atlanta Hawks,143,DAL,ATL
2024-01-26,Houston Rockets,138,Charlotte Hornets,104,HOU,CHO
2024-01-26,Phoenix Suns,131,Indiana Pacers,133,PHO,IND
2024-01-26,Los Angeles Clippers,127,Toronto Raptors,107,LAC,TOR
2024-01-26,Orlando Magic,106,Memphis Grizzlies,107,ORL,MEM
2024-01-26,Cleveland Cavaliers,112,Milwaukee Bucks,100,CLE,MIL
2024-01-26,Oklahoma City Thunder,107,New Orleans Pelicans,83,OKC,NOP
2024-01-26,Portland Trail Blazers,100,San Antonio Spurs,116,POR,SAS
2024-01-27,Washington Wizards,118,Detroit Pistons,104,WAS,DET
2024-01-27,Miami Heat,109,New York Knicks,125,MIA,NYK
2024-01-27,Philadelphia 76ers,105,Denver Nuggets,111,PHI,DEN
2024-01-27,Houston Rockets,104,Brooklyn Nets,106,HOU,BRK
2024-01-27,Los Angeles Clippers,115,Boston Celtics,96,LAC,BOS
2024-01-27,Utah Jazz,134,Charlotte Hornets,122,UTA,CHO
2024-01-27,New Orleans Pelicans,117,Milwaukee Bucks,141,NOP,MIL
2024-01-27,Los Angeles Lakers,145,Golden State Warriors,144,LAL,GSW
2024-01-27,Minnesota Timberwolves,112,San Antonio Spurs,113,MIN,SAS
2024-01-27,Sacramento Kings,120,Dallas Mavericks,115,SAC,DAL
2024-01-28,Oklahoma City Thunder,104,Detroit Pistons,120,OKC,DET
2024-01-28,Memphis Grizzlies,110,Indiana Pacers,116,MEM,IND
2024-01-28,Toronto Raptors,125,Atlanta Hawks,126,TOR,ATL
2024-01-28,Phoenix Suns,98,Orlando Magic,113,PHO,ORL
2024-01-28,Chicago Bulls,104,Portland Trail Blazers,96,CHI,POR
2024-01-29,New York Knicks,113,Charlotte Hornets,92,NYK,CHO
2024-01-29,Los Angeles Clippers,108,Cleveland Cavaliers,118,LAC,CLE
2024-01-29,New Orleans Pelicans,112,Boston Celtics,118,NOP,BOS
2024-01-29,Utah Jazz,114,Brooklyn Nets,147,UTA,BRK
2024-01-29,Phoenix Suns,118,Miami Heat,105,PHO,MIA
2024-01-29,Los Angeles Lakers,119,Houston Rockets,135,LAL,HOU
2024-01-29,Sacramento Kings,103,Memphis Grizzlies,94,SAC,MEM
2024-01-29,Minnesota Timberwolves,107,Oklahoma City Thunder,101,MIN,OKC
2024-01-29,Washington Wizards,118,San Antonio Spurs,113,WAS,SAS
2024-01-29,Orlando Magic,129,Dallas Mavericks,131,ORL,DAL
2024-01-29,Milwaukee Bucks,107,Denver Nuggets,113,MIL,DEN
2024-01-29,Philadelphia 76ers,104,Portland Trail Blazers,130,PHI,POR
2024-01-30,Los Angeles Lakers,122,Atlanta Hawks,138,LAL,ATL
2024-01-30,Indiana Pacers,124,Boston Celtics,129,IND,BOS
2024-01-30,Utah Jazz,103,New York Knicks,118,UTA,NYK
2024-01-30,Toronto Raptors,118,Chicago Bulls,107,TOR,CHI
2024-01-30,Philadelphia 76ers,107,Golden State Warriors,119,PHI,GSW
2024-01-31,Chicago Bulls,117,Charlotte Hornets,110,CHI,CHO
2024-01-31,Detroit Pistons,121,Cleveland Cavaliers,128,DET,CLE
2024-01-31,Los Angeles Clippers,125,Washington Wizards,109,LAC,WAS
2024-01-31,Sacramento Kings,106,Miami Heat,115,SAC,MIA
2024-01-31,New Orleans Pelicans,110,Houston Rockets,99,NOP,HOU
2024-01-31,Dallas Mavericks,87,Minnesota Timberwolves,121,DAL,MIN
2024-01-31,Denver Nuggets,100,Oklahoma City Thunder,105,DEN,OKC
2024-01-31,Orlando Magic,108,San Antonio Spurs,98,ORL,SAS
2024-01-31,Phoenix Suns,136,Brooklyn Nets,120,PHO,BRK
2024-01-31,Milwaukee Bucks,116,Portland Trail Blazers,119,MIL,POR
2024-02-01,Los Angeles Lakers,114,Boston Celtics,105,LAL,BOS
2024-02-01,Indiana Pacers,105,New York Knicks,109,IND,NYK
2024-02-01,Cleveland Cavaliers,108,Memphis Grizzlies,101,CLE,MEM
2024-02-01,Philadelphia 76ers,127,Utah Jazz,124,PHI,UTA
2024-02-02,Los Angeles Clippers,136,Detroit Pistons,125,LAC,DET
2024-02-02,Miami Heat,110,Washington Wizards,102,MIA,WAS
2024-02-02,Phoenix Suns,120,Atlanta Hawks,129,PHO,ATL
2024-02-02,Sacramento Kings,133,Indiana Pacers,122,SAC,IND
2024-02-02,Toronto Raptors,106,Houston Rockets,135,TOR,HOU
2024-02-02,Golden State Warriors,121,Memphis Grizzlies,101,GSW,MEM
2024-02-02,Orlando Magic,108,Minnesota Timberwolves,106,ORL,MIN
2024-02-02,Charlotte Hornets,106,Oklahoma City Thunder,126,CHO,OKC
2024-02-02,New Orleans Pelicans,114,San Antonio Spurs,113,NOP,SAS
2024-02-02,Portland Trail Blazers,108,Denver Nuggets,120,POR,DEN
2024-02-03,Brooklyn Nets,136,Philadelphia 76ers,121,BRK,PHI
2024-02-03,Golden State Warriors,134,Atlanta Hawks,141,GSW,ATL
2024-02-03,Sacramento Kings,123,Chicago Bulls,115,SAC,CHI
2024-02-03,Milwaukee Bucks,129,Dallas Mavericks,117,MIL,DAL
2024-02-03,Los Angeles Lakers,113,New York Knicks,105,LAL,NYK
2024-02-03,Cleveland Cavaliers,117,San Antonio Spurs,101,CLE,SAS
2024-02-04,Orlando Magic,111,Detroit Pistons,99,ORL,DET
2024-02-04,Phoenix Suns,140,Washington Wizards,112,PHO,WAS
2024-02-04,Memphis Grizzlies,91,Boston Celtics,131,MEM,BOS
2024-02-04,Indiana Pacers,115,Charlotte Hornets,99,IND,CHO
2024-02-04,Los Angeles Clippers,103,Miami Heat,95,LAC,MIA
2024-02-04,Houston Rockets,90,Minnesota Timberwolves,111,HOU,MIN
2024-02-04,Toronto Raptors,127,Oklahoma City Thunder,135,TOR,OKC
2024-02-04,Milwaukee Bucks,108,Utah Jazz,123,MIL,UTA
2024-02-04,Portland Trail Blazers,103,Denver Nuggets,112,POR,DEN
2024-02-05,Los Angeles Lakers,124,Charlotte Hornets,118,LAL,CHO
2024-02-05,Sacramento Kings,110,Cleveland Cavaliers,136,SAC,CLE
2024-02-05,Dallas Mavericks,118,Philadelphia 76ers,102,DAL,PHI
2024-02-05,Los Angeles Clippers,149,Atlanta Hawks,144,LAC,ATL
2024-02-05,Golden State Warriors,109,Brooklyn Nets,98,GSW,BRK
2024-02-05,Toronto Raptors,100,New Orleans Pelicans,138,TOR,NOP
2024-02-06,Houston Rockets,129,Indiana Pacers,132,HOU,IND
2024-02-06,Dallas Mavericks,119,Brooklyn Nets,107,DAL,BRK
2024-02-06,Orlando Magic,95,Miami Heat,121,ORL,MIA
2024-02-06,Memphis Grizzlies,113,New York Knicks,123,MEM,NYK
2024-02-06,Minnesota Timberwolves,123,Chicago Bulls,129,MIN,CHI
2024-02-06,Oklahoma City Thunder,117,Utah Jazz,124,OKC,UTA
2024-02-06,Milwaukee Bucks,106,Phoenix Suns,114,MIL,PHO
2024-02-07,Toronto Raptors,123,Charlotte Hornets,117,TOR,CHO
2024-02-07,Cleveland Cavaliers,114,Washington Wizards,106,CLE,WAS
2024-02-07,Atlanta Hawks,117,Boston Celtics,125,ATL,BOS
2024-02-07,San Antonio Spurs,104,Miami Heat,116,SAS,MIA
2024-02-07,Golden State Warriors,127,Philadelphia 76ers,104,GSW,PHI
2024-02-07,New Orleans Pelicans,117,Los Angeles Clippers,106,NOP,LAC
2024-02-07,Detroit Pistons,133,Sacramento Kings,120,DET,SAC
2024-02-08,Golden State Warriors,131,Indiana Pacers,109,GSW,IND
2024-02-08,San Antonio Spurs,111,Orlando Magic,127,SAS,ORL
2024-02-08,Cleveland Cavaliers,118,Brooklyn Nets,95,CLE,BRK
2024-02-08,Dallas Mavericks,122,New York Knicks,108,DAL,NYK
2024-02-08,Chicago Bulls,118,Memphis Grizzlies,110,CHI,MEM
2024-02-08,Minnesota Timberwolves,129,Milwaukee Bucks,105,MIN,MIL
2024-02-08,Utah Jazz,115,Phoenix Suns,129,UTA,PHO
2024-02-08,Denver Nuggets,114,Los Angeles Lakers,106,DEN,LAL
2024-02-08,Detroit Pistons,128,Portland Trail Blazers,122,DET,POR
2024-02-09,Atlanta Hawks,127,Philadelphia 76ers,121,ATL,PHI
2024-02-09,Washington Wizards,129,Boston Celtics,133,WAS,BOS
2024-02-09,Houston Rockets,104,Toronto Raptors,107,HOU,TOR
2024-02-09,Charlotte Hornets,84,Milwaukee Bucks,120,CHO,MIL
2024-02-09,Denver Nuggets,106,Sacramento Kings,135,DEN,SAC
2024-02-09,New Orleans Pelicans,122,Los Angeles Lakers,139,NOP,LAL
2024-02-10,Oklahoma City Thunder,111,Dallas Mavericks,146,OKC,DAL
2024-02-10,Detroit Pistons,106,Los Angeles Clippers,112,DET,LAC
2024-02-10,San Antonio Spurs,103,Brooklyn Nets,123,SAS,BRK
2024-02-10,Memphis Grizzlies,106,Charlotte Hornets,115,MEM,CHO
2024-02-10,Chicago Bulls,108,Orlando Magic,114,CHI,ORL
2024-02-10,Philadelphia 76ers,119,Washington Wizards,113,PHI,WAS
2024-02-10,Houston Rockets,113,Atlanta Hawks,122,HOU,ATL
2024-02-10,Indiana Pacers,125,New York Knicks,111,IND,NYK
2024-02-10,Cleveland Cavaliers,119,Toronto Raptors,95,CLE,TOR
2024-02-10,Phoenix Suns,112,Golden State Warriors,113,PHO,GSW
2024-02-10,New Orleans Pelicans,93,Portland Trail Blazers,84,NOP,POR
2024-02-11,Boston Celtics,110,Miami Heat,106,BOS,MIA
2024-02-11,Sacramento Kings,113,Oklahoma City Thunder,127,SAC,OKC
2024-02-12,Indiana Pacers,102,Charlotte Hornets,111,IND,CHO
2024-02-12,Philadelphia 76ers,123,Cleveland Cavaliers,121,PHI,CLE
2024-02-12,Chicago Bulls,136,Atlanta Hawks,126,CHI,ATL
2024-02-12,San Antonio Spurs,122,Toronto Raptors,99,SAS,TOR
2024-02-12,New York Knicks,103,Houston Rockets,105,NYK,HOU
2024-02-12,New Orleans Pelicans,96,Memphis Grizzlies,87,NOP,MEM
2024-02-12,Denver Nuggets,95,Milwaukee Bucks,112,DEN,MIL
2024-02-12,Washington Wizards,104,Dallas Mavericks,112,WAS,DAL
2024-02-12,Golden State Warriors,129,Utah Jazz,107,GSW,UTA
2024-02-12,Minnesota Timberwolves,121,Los Angeles Clippers,100,MIN,LAC
2024-02-13,Boston Celtics,118,Brooklyn Nets,110,BOS,BRK
2024-02-13,Oklahoma City Thunder,127,Orlando Magic,113,OKC,ORL
2024-02-13,Miami Heat,123,Milwaukee Bucks,97,MIA,MIL
2024-02-13,Sacramento Kings,125,Phoenix Suns,130,SAC,PHO
2024-02-13,Minnesota Timberwolves,121,Portland Trail Blazers,109,MIN,POR
2024-02-13,Detroit Pistons,111,Los Angeles Lakers,125,DET,LAL
2024-02-14,Atlanta Hawks,99,Charlotte Hornets,122,ATL,CHO
2024-02-14,New York Knicks,100,Orlando Magic,118,NYK,ORL
2024-02-14,Miami Heat,109,Philadelphia 76ers,104,MIA,PHI
2024-02-14,Brooklyn Nets,86,Boston Celtics,136,BRK,BOS
2024-02-14,Chicago Bulls,105,Cleveland Cavaliers,108,CHI,CLE
2024-02-14,Indiana Pacers,127,Toronto Raptors,125,IND,TOR
2024-02-14,Houston Rockets,113,Memphis Grizzlies,121,HOU,MEM
2024-02-14,Washington Wizards,126,New Orleans Pelicans,133,WAS,NOP
2024-02-14,San Antonio Spurs,93,Dallas Mavericks,116,SAS,DAL
2024-02-14,Sacramento Kings,102,Denver Nuggets,98,SAC,DEN
2024-02-14,Detroit Pistons,100,Phoenix Suns,116,DET,PHO
2024-02-14,Los Angeles Lakers,138,Utah Jazz,122,LAL,UTA
2024-02-14,Los Angeles Clippers,130,Golden State Warriors,125,LAC,GSW
2024-02-15,Milwaukee Bucks,110,Memphis Grizzlies,113,MIL,MEM
2024-02-15,Golden State Warriors,140,Utah Jazz,137,GSW,UTA
2024-02-15,Minnesota Timberwolves,128,Portland Trail Blazers,91,MIN,POR
2024-02-22,Orlando Magic,116,Cleveland Cavaliers,109,ORL,CLE
2024-02-22,Detroit Pistons,115,Indiana Pacers,129,DET,IND
2024-02-22,New York Knicks,110,Philadelphia 76ers,96,NYK,PHI
2024-02-22,Brooklyn Nets,93,Toronto Raptors,121,BRK,TOR
2024-02-22,Phoenix Suns,113,Dallas Mavericks,123,PHO,DAL
2024-02-22,Boston Celtics,129,Chicago Bulls,112,BOS,CHI
2024-02-22,Houston Rockets,105,New Orleans Pelicans,127,HOU,NOP
2024-02-22,Los Angeles Clippers,107,Oklahoma City Thunder,129,LAC,OKC
2024-02-22,Washington Wizards,110,Denver Nuggets,130,WAS,DEN
2024-02-22,Charlotte Hornets,115,Utah Jazz,107,CHO,UTA
2024-02-22,Los Angeles Lakers,110,Golden State Warriors,128,LAL,GSW
2024-02-22,San Antonio Spurs,122,Sacramento Kings,127,SAS,SAC
2024-02-23,Toronto Raptors,123,Atlanta Hawks,121,TOR,ATL
2024-02-23,Cleveland Cavaliers,97,Philadelphia 76ers,104,CLE,PHI
2024-02-23,Phoenix Suns,110,Houston Rockets,114,PHO,HOU
2024-02-23,Los Angeles Clippers,101,Memphis Grizzlies,95,LAC,MEM
2024-02-23,Miami Heat,106,New Orleans Pelicans,95,MIA,NOP
2024-02-23,Washington Wizards,106,Oklahoma City Thunder,147,WAS,OKC
2024-02-23,Charlotte Hornets,84,Golden State Warriors,97,CHO,GSW
2024-02-23,Milwaukee Bucks,112,Minnesota Timberwolves,107,MIL,MIN
2024-02-23,Denver Nuggets,127,Portland Trail Blazers,112,DEN,POR
2024-02-23,San Antonio Spurs,118,Los Angeles Lakers,123,SAS,LAL
2024-02-24,Orlando Magic,112,Detroit Pistons,109,ORL,DET
2024-02-24,Boston Celtics,116,New York Knicks,102,BOS,NYK
2024-02-24,Brooklyn Nets,86,Minnesota Timberwolves,101,BRK,MIN
2024-02-25,Milwaukee Bucks,119,Philadelphia 76ers,98,MIL,PHI
2024-02-25,Los Angeles Lakers,113,Phoenix Suns,123,LAL,PHO
2024-02-25,Dallas Mavericks,111,Indiana Pacers,133,DAL,IND
2024-02-25,Cleveland Cavaliers,114,Washington Wizards,105,CLE,WAS
2024-02-25,Orlando Magic,92,Atlanta Hawks,109,ORL,ATL
2024-02-25,Denver Nuggets,119,Golden State Warriors,103,DEN,GSW
2024-02-25,Oklahoma City Thunder,123,Houston Rockets,110,OKC,HOU
2024-02-25,Chicago Bulls,114,New Orleans Pelicans,106,CHI,NOP
2024-02-25,San Antonio Spurs,109,Utah Jazz,128,SAS,UTA
2024-02-25,Charlotte Hornets,93,Portland Trail Blazers,80,CHO,POR
2024-02-25,Sacramento Kings,123,Los Angeles Clippers,107,SAC,LAC
2024-02-26,Toronto Raptors,130,Indiana Pacers,122,TOR,IND
2024-02-26,Detroit Pistons,111,New York Knicks,113,DET,NYK
2024-02-26,Brooklyn Nets,111,Memphis Grizzlies,86,BRK,MEM
2024-02-26,Miami Heat,121,Sacramento Kings,110,MIA,SAC
2024-02-27,Dallas Mavericks,119,Cleveland Cavaliers,121,DAL,CLE
2024-02-27,Brooklyn Nets,81,Orlando Magic,108,BRK,ORL
2024-02-27,Golden State Warriors,123,Washington Wizards,112,GSW,WAS
2024-02-27,Utah Jazz,97,Atlanta Hawks,124,UTA,ATL
2024-02-27,Philadelphia 76ers,99,Boston Celtics,117,PHI,BOS
2024-02-27,New Orleans Pelicans,115,New York Knicks,92,NOP,NYK
2024-02-27,Detroit Pistons,105,Chicago Bulls,95,DET,CHI
2024-02-27,Charlotte Hornets,85,Milwaukee Bucks,123,CHO,MIL
2024-02-27,San Antonio Spurs,105,Minnesota Timberwolves,114,SAS,MIN
2024-02-27,Houston Rockets,95,Oklahoma City Thunder,112,HOU,OKC
2024-02-27,Miami Heat,106,Portland Trail Blazers,96,MIA,POR
2024-02-28,New Orleans Pelicans,114,Indiana Pacers,123,NOP,IND
2024-02-28,Dallas Mavericks,136,Toronto Raptors,125,DAL,TOR
2024-02-28,Cleveland Cavaliers,123,Chicago Bulls,132,CLE,CHI
2024-02-28,Memphis Grizzlies,101,Minnesota Timberwolves,110,MEM,MIN
2024-02-28,Sacramento Kings,96,Denver Nuggets,117,SAC,DEN
2024-02-28,Los Angeles Lakers,116,Los Angeles Clippers,112,LAL,LAC
2024-02-29,Milwaukee Bucks,111,Charlotte Hornets,99,MIL,CHO
2024-02-29,Utah Jazz,107,Orlando Magic,115,UTA,ORL
2024-02-29,Atlanta Hawks,97,Brooklyn Nets,124,ATL,BRK
2024-02-29,Golden State Warriors,110,New York Knicks,99,GSW,NYK
2024-02-29,Oklahoma City Thunder,118,San Antonio Spurs,132,OKC,SAS
2024-02-29,Houston Rockets,105,Phoenix Suns,110,HOU,PHO
2024-02-29,Miami Heat,97,Denver Nuggets,103,MIA,DEN
2024-02-29,Washington Wizards,131,Los Angeles Lakers,134,WAS,LAL
2024-03-01,Cleveland Cavaliers,110,Detroit Pistons,100,CLE,DET
2024-03-01,Charlotte Hornets,114,Philadelphia 76ers,121,CHO,PHI
2024-03-01,Dallas Mavericks,110,Boston Celtics,138,DAL,BOS
2024-03-01,Golden State Warriors,120,Toronto Raptors,105,GSW,TOR
2024-03-01,Portland Trail Blazers,122,Memphis Grizzlies,92,POR,MEM
2024-03-01,Sacramento Kings,124,Minnesota Timberwolves,120,SAC,MIN
2024-03-01,Indiana Pacers,102,New Orleans Pelicans,129,IND,NOP
2024-03-01,Milwaukee Bucks,113,Chicago Bulls,97,MIL,CHI
2024-03-01,Washington Wizards,115,Los Angeles Clippers,140,WAS,LAC
2024-03-02,Atlanta Hawks,102,Brooklyn Nets,114,ATL,BRK
2024-03-02,Utah Jazz,120,Miami Heat,126,UTA,MIA
2024-03-02,Portland Trail Blazers,107,Memphis Grizzlies,100,POR,MEM
2024-03-02,Denver Nuggets,124,Los Angeles Lakers,114,DEN,LAL
2024-03-02,Houston Rockets,118,Phoenix Suns,109,HOU,PHO
2024-03-03,Philadelphia 76ers,120,Dallas Mavericks,116,PHI,DAL
2024-03-03,Golden State Warriors,88,Boston Celtics,140,GSW,BOS
2024-03-03,Los Angeles Clippers,89,Minnesota Timberwolves,88,LAC,MIN
2024-03-03,Detroit Pistons,91,Orlando Magic,113,DET,ORL
2024-03-03,Charlotte Hornets,106,Toronto Raptors,111,CHO,TOR
2024-03-03,New York Knicks,107,Cleveland Cavaliers,98,NYK,CLE
2024-03-03,Indiana Pacers,105,San Antonio Spurs,117,IND,SAS
2024-03-03,Oklahoma City Thunder,118,Phoenix Suns,110,OKC,PHO
2024-03-04,Memphis Grizzlies,106,Brooklyn Nets,102,MEM,BRK
2024-03-04,Los Angeles Clippers,106,Milwaukee Bucks,113,LAC,MIL
2024-03-04,Portland Trail Blazers,114,Minnesota Timberwolves,119,POR,MIN
2024-03-04,Washington Wizards,115,Utah Jazz,127,WAS,UTA
2024-03-04,Chicago Bulls,113,Sacramento Kings,109,CHI,SAC
2024-03-04,Oklahoma City Thunder,104,Los Angeles Lakers,116,OKC,LAL
2024-03-05,Orlando Magic,101,Charlotte Hornets,89,ORL,CHO
2024-03-05,Philadelphia 76ers,107,Brooklyn Nets,112,PHI,BRK
2024-03-05,Boston Celtics,104,Cleveland Cavaliers,105,BOS,CLE
2024-03-05,Detroit Pistons,110,Miami Heat,118,DET,MIA
2024-03-05,Atlanta Hawks,116,New York Knicks,100,ATL,NYK
2024-03-05,New Orleans Pelicans,139,Toronto Raptors,98,NOP,TOR
2024-03-05,San Antonio Spurs,101,Houston Rockets,114,SAS,HOU
2024-03-05,Indiana Pacers,137,Dallas Mavericks,120,IND,DAL
2024-03-05,Phoenix Suns,117,Denver Nuggets,107,PHO,DEN
2024-03-06,Orlando Magic,119,Washington Wizards,109,ORL,WAS
2024-03-06,Cleveland Cavaliers,101,Atlanta Hawks,112,CLE,ATL
2024-03-06,Los Angeles Clippers,122,Houston Rockets,116,LAC,HOU
2024-03-06,Memphis Grizzlies,115,Philadelphia 76ers,109,MEM,PHI
2024-03-06,Chicago Bulls,119,Utah Jazz,117,CHI,UTA
2024-03-06,Milwaukee Bucks,90,Golden State Warriors,125,MIL,GSW
2024-03-06,Oklahoma City Thunder,128,Portland Trail Blazers,120,OKC,POR
2024-03-06,Sacramento Kings,130,Los Angeles Lakers,120,SAC,LAL
2024-03-07,Brooklyn Nets,112,Detroit Pistons,118,BRK,DET
2024-03-07,Minnesota Timberwolves,113,Indiana Pacers,111,MIN,IND
2024-03-07,Miami Heat,108,Dallas Mavericks,114,MIA,DAL
2024-03-07,Toronto Raptors,113,Phoenix Suns,120,TOR,PHO
2024-03-07,Boston Celtics,109,Denver Nuggets,115,BOS,DEN
2024-03-07,Chicago Bulls,125,Golden State Warriors,122,CHI,GSW
2024-03-07,San Antonio Spurs,129,Sacramento Kings,131,SAS,SAC
2024-03-08,New Orleans Pelicans,103,Philadelphia 76ers,95,NOP,PHI
2024-03-08,Charlotte Hornets,100,Washington Wizards,112,CHO,WAS
2024-03-08,Minnesota Timberwolves,104,Cleveland Cavaliers,113,MIN,CLE
2024-03-08,Orlando Magic,74,New York Knicks,98,ORL,NYK
2024-03-08,Atlanta Hawks,99,Memphis Grizzlies,92,ATL,MEM
2024-03-08,Miami Heat,100,Oklahoma City Thunder,107,MIA,OKC
2024-03-08,Milwaukee Bucks,122,Los Angeles Lakers,123,MIL,LAL
2024-03-08,Houston Rockets,123,Portland Trail Blazers,107,HOU,POR
2024-03-09,Chicago Bulls,102,Los Angeles Clippers,112,CHI,LAC
2024-03-09,Brooklyn Nets,99,Charlotte Hornets,110,BRK,CHO
2024-03-09,Dallas Mavericks,142,Detroit Pistons,124,DAL,DET
2024-03-09,San Antonio Spurs,126,Golden State Warriors,113,SAS,GSW
2024-03-09,Boston Celtics,117,Phoenix Suns,107,BOS,PHO
2024-03-09,Utah Jazz,121,Denver Nuggets,142,UTA,DEN
2024-03-09,Toronto Raptors,118,Portland Trail Blazers,128,TOR,POR
2024-03-10,Milwaukee Bucks,124,Los Angeles Clippers,117,MIL,LAC
2024-03-10,New Orleans Pelicans,116,Atlanta Hawks,103,NOP,ATL
2024-03-10,Washington Wizards,110,Miami Heat,108,WAS,MIA
2024-03-10,Indiana Pacers,111,Orlando Magic,97,IND,ORL
2024-03-10,Houston Rockets,112,Sacramento Kings,104,HOU,SAC
2024-03-10,Brooklyn Nets,120,Cleveland Cavaliers,101,BRK,CLE
2024-03-10,Philadelphia 76ers,79,New York Knicks,73,PHI,NYK
2024-03-10,Memphis Grizzlies,93,Oklahoma City Thunder,124,MEM,OKC
2024-03-10,Minnesota Timberwolves,109,Los Angeles Lakers,120,MIN,LAL
2024-03-11,Charlotte Hornets,97,Detroit Pistons,114,CHO,DET
2024-03-11,Phoenix Suns,117,Cleveland Cavaliers,111,PHO,CLE
2024-03-11,Dallas Mavericks,127,Chicago Bulls,92,DAL,CHI
2024-03-11,Golden State Warriors,112,San Antonio Spurs,102,GSW,SAS
2024-03-11,Toronto Raptors,119,Denver Nuggets,125,TOR,DEN
2024-03-11,Boston Celtics,121,Portland Trail Blazers,99,BOS,POR
2024-03-12,Philadelphia 76ers,79,New York Knicks,106,PHI,NYK
2024-03-12,Washington Wizards,97,Memphis Grizzlies,109,WAS,MEM
2024-03-12,Indiana Pacers,121,Oklahoma City Thunder,111,IND,OKC
2024-03-12,Houston Rockets,103,San Antonio Spurs,101,HOU,SAS
2024-03-12,Boston Celtics,123,Utah Jazz,107,BOS,UTA
2024-03-12,Minnesota Timberwolves,118,Los Angeles Clippers,100,MIN,LAC
2024-03-12,Milwaukee Bucks,94,Sacramento Kings,129,MIL,SAC
2024-03-13,Toronto Raptors,104,Detroit Pistons,113,TOR,DET
2024-03-13,Brooklyn Nets,106,Orlando Magic,114,BRK,ORL
2024-03-13,Chicago Bulls,132,Indiana Pacers,129,CHI,IND
2024-03-13,Denver Nuggets,100,Miami Heat,88,DEN,MIA
2024-03-13,Charlotte Hornets,110,Memphis Grizzlies,98,CHO,MEM
2024-03-13,Cleveland Cavaliers,116,New Orleans Pelicans,95,CLE,NOP
2024-03-13,Golden State Warriors,99,Dallas Mavericks,109,GSW,DAL
2024-03-13,Atlanta Hawks,102,Portland Trail Blazers,106,ATL,POR
2024-03-13,Los Angeles Lakers,107,Sacramento Kings,120,LAL,SAC
2024-03-14,Phoenix Suns,112,Boston Celtics,127,PHO,BOS
2024-03-14,Los Angeles Clippers,126,Chicago Bulls,111,LAC,CHI
2024-03-14,Washington Wizards,119,Houston Rockets,135,WAS,HOU
2024-03-14,Philadelphia 76ers,105,Milwaukee Bucks,114,PHI,MIL
2024-03-14,Dallas Mavericks,119,Oklahoma City Thunder,126,DAL,OKC
2024-03-14,New York Knicks,105,Portland Trail Blazers,93,NYK,POR
2024-03-15,Phoenix Suns,107,Charlotte Hornets,96,PHO,CHO
2024-03-15,Miami Heat,108,Detroit Pistons,95,MIA,DET
2024-03-15,Orlando Magic,113,Toronto Raptors,103,ORL,TOR
2024-03-15,Los Angeles Clippers,104,New Orleans Pelicans,112,LAC,NOP
2024-03-15,Denver Nuggets,117,San Antonio Spurs,106,DEN,SAS
2024-03-15,Atlanta Hawks,122,Utah Jazz,124,ATL,UTA
2024-03-16,Cleveland Cavaliers,103,Houston Rockets,117,CLE,HOU
2024-03-16,Brooklyn Nets,100,Indiana Pacers,121,BRK,IND
2024-03-16,Portland Trail Blazers,107,New Orleans Pelicans,126,POR,NOP
2024-03-16,Charlotte Hornets,98,Philadelphia 76ers,109,CHO,PHI
2024-03-16,Washington Wizards,98,Chicago Bulls,127,WAS,CHI
2024-03-16,Oklahoma City Thunder,118,Memphis Grizzlies,112,OKC,MEM
2024-03-16,Golden State Warriors,128,Los Angeles Lakers,121,GSW,LAL
2024-03-16,Minnesota Timberwolves,119,Utah Jazz,100,MIN,UTA
2024-03-16,New York Knicks,98,Sacramento Kings,91,NYK,SAC
2024-03-17,Phoenix Suns,129,Milwaukee Bucks,140,PHO,MIL
2024-03-17,Miami Heat,104,Detroit Pistons,101,MIA,DET
2024-03-17,Denver Nuggets,105,Dallas Mavericks,107,DEN,DAL
2024-03-17,Toronto Raptors,96,Orlando Magic,111,TOR,ORL
2024-03-17,Boston Celtics,130,Washington Wizards,104,BOS,WAS
2024-03-17,Brooklyn Nets,115,San Antonio Spurs,122,BRK,SAS
2024-03-17,Atlanta Hawks,110,Los Angeles Clippers,93,ATL,LAC
2024-03-18,Cleveland Cavaliers,108,Indiana Pacers,103,CLE,IND
2024-03-18,Detroit Pistons,94,Boston Celtics,119,DET,BOS
2024-03-18,Miami Heat,91,Philadelphia 76ers,98,MIA,PHI
2024-03-18,Portland Trail Blazers,107,Chicago Bulls,110,POR,CHI
2024-03-18,Minnesota Timberwolves,114,Utah Jazz,104,MIN,UTA
2024-03-18,New York Knicks,119,Golden State Warriors,112,NYK,GSW
2024-03-18,Memphis Grizzlies,111,Sacramento Kings,121,MEM,SAC
2024-03-18,Atlanta Hawks,105,Los Angeles Lakers,136,ATL,LAL
2024-03-19,Charlotte Hornets,92,Orlando Magic,112,CHO,ORL
2024-03-19,Houston Rockets,137,Washington Wizards,114,HOU,WAS
2024-03-19,New Orleans Pelicans,104,Brooklyn Nets,91,NOP,BRK
2024-03-19,Dallas Mavericks,113,San Antonio Spurs,107,DAL,SAS
2024-03-19,Denver Nuggets,115,Minnesota Timberwolves,112,DEN,MIN
2024-03-20,Miami Heat,107,Cleveland Cavaliers,104,MIA,CLE
2024-03-20,Indiana Pacers,122,Detroit Pistons,103,IND,DET
2024-03-20,Milwaukee Bucks,119,Boston Celtics,122,MIL,BOS
2024-03-20,Sacramento Kings,123,Toronto Raptors,89,SAC,TOR
2024-03-20,Utah Jazz,107,Oklahoma City Thunder,119,UTA,OKC
2024-03-20,Memphis Grizzlies,116,Golden State Warriors,137,MEM,GSW
2024-03-20,Philadelphia 76ers,102,Phoenix Suns,115,PHI,PHO
2024-03-20,Los Angeles Clippers,116,Portland Trail Blazers,103,LAC,POR
2024-03-21,New Orleans Pelicans,106,Orlando Magic,121,NOP,ORL
2024-03-21,Sacramento Kings,102,Washington Wizards,109,SAC,WAS
2024-03-21,Chicago Bulls,117,Houston Rockets,127,CHI,HOU
2024-03-21,Brooklyn Nets,108,Milwaukee Bucks,115,BRK,MIL
2024-03-21,Utah Jazz,97,Dallas Mavericks,113,UTA,DAL
2024-03-21,New York Knicks,100,Denver Nuggets,113,NYK,DEN
2024-03-21,Atlanta Hawks,115,Phoenix Suns,128,ATL,PHO
2024-03-22,Boston Celtics,129,Detroit Pistons,102,BOS,DET
2024-03-22,Oklahoma City Thunder,123,Toronto Raptors,103,OKC,TOR
2024-03-22,New Orleans Pelicans,111,Miami Heat,88,NOP,MIA
2024-03-22,Cleveland Cavaliers,91,Minnesota Timberwolves,104,CLE,MIN
2024-03-22,Memphis Grizzlies,99,San Antonio Spurs,97,MEM,SAS
2024-03-22,Indiana Pacers,123,Golden State Warriors,111,IND,GSW
2024-03-22,Los Angeles Clippers,125,Portland Trail Blazers,117,LAC,POR
2024-03-22,Philadelphia 76ers,94,Los Angeles Lakers,101,PHI,LAL
2024-03-23,Brooklyn Nets,93,New York Knicks,105,BRK,NYK
2024-03-23,Sacramento Kings,109,Orlando Magic,107,SAC,ORL
2024-03-23,Charlotte Hornets,91,Atlanta Hawks,132,CHO,ATL
2024-03-23,Boston Celtics,124,Chicago Bulls,113,BOS,CHI
2024-03-23,Utah Jazz,119,Houston Rockets,147,UTA,HOU
2024-03-23,Phoenix Suns,131,San Antonio Spurs,106,PHO,SAS
2024-03-23,Toronto Raptors,109,Washington Wizards,112,TOR,WAS
2024-03-23,Denver Nuggets,114,Portland Trail Blazers,111,DEN,POR
2024-03-24,New Orleans Pelicans,114,Detroit Pistons,101,NOP,DET
2024-03-24,Philadelphia 76ers,121,Los Angeles Clippers,107,PHI,LAC
2024-03-24,Cleveland Cavaliers,84,Miami Heat,121,CLE,MIA
2024-03-24,Oklahoma City Thunder,93,Milwaukee Bucks,118,OKC,MIL
2024-03-24,Golden State Warriors,110,Minnesota Timberwolves,114,GSW,MIN
2024-03-24,Indiana Pacers,145,Los Angeles Lakers,150,IND,LAL
2024-03-25,Charlotte Hornets,92,Cleveland Cavaliers,115,CHO,CLE
2024-03-25,Boston Celtics,118,Atlanta Hawks,120,BOS,ATL
2024-03-25,Detroit Pistons,99,New York Knicks,124,DET,NYK
2024-03-25,Brooklyn Nets,96,Toronto Raptors,88,BRK,TOR
2024-03-25,Washington Wizards,107,Chicago Bulls,105,WAS,CHI
2024-03-25,Portland Trail Blazers,92,Houston Rockets,110,POR,HOU
2024-03-25,Phoenix Suns,102,San Antonio Spurs,104,PHO,SAS
2024-03-25,Memphis Grizzlies,103,Denver Nuggets,128,MEM,DEN
2024-03-25,Dallas Mavericks,115,Utah Jazz,105,DAL,UTA
2024-03-25,Philadelphia 76ers,96,Sacramento Kings,108,PHI,SAC
2024-03-25,Indiana Pacers,133,Los Angeles Clippers,116,IND,LAC
2024-03-26,Golden State Warriors,113,Miami Heat,92,GSW,MIA
2024-03-26,Los Angeles Lakers,128,Milwaukee Bucks,124,LAL,MIL
2024-03-26,Oklahoma City Thunder,119,New Orleans Pelicans,112,OKC,NOP
2024-03-26,Dallas Mavericks,132,Sacramento Kings,96,DAL,SAC
2024-03-27,Cleveland Cavaliers,111,Charlotte Hornets,118,CLE,CHO
2024-03-27,Golden State Warriors,101,Orlando Magic,93,GSW,ORL
2024-03-27,Brooklyn Nets,122,Washington Wizards,119,BRK,WAS
2024-03-27,Portland Trail Blazers,106,Atlanta Hawks,120,POR,ATL
2024-03-27,Los Angeles Clippers,108,Philadelphia 76ers,107,LAC,PHI
2024-03-27,New York Knicks,145,Toronto Raptors,101,NYK,TOR
2024-03-27,Indiana Pacers,99,Chicago Bulls,125,IND,CHI
2024-03-27,Los Angeles Lakers,136,Memphis Grizzlies,124,LAL,MEM
2024-03-27,Detroit Pistons,91,Minnesota Timberwolves,106,DET,MIN
2024-03-27,Houston Rockets,132,Oklahoma City Thunder,126,HOU,OKC
2024-03-27,San Antonio Spurs,118,Utah Jazz,111,SAS,UTA
2024-03-27,Phoenix Suns,104,Denver Nuggets,97,PHO,DEN
2024-03-28,Boston Celtics,122,Atlanta Hawks,123,BOS,ATL
2024-03-28,Milwaukee Bucks,100,New Orleans Pelicans,107,MIL,NOP
2024-03-29,Golden State Warriors,115,Charlotte Hornets,97,GSW,CHO
2024-03-29,Los Angeles Lakers,90,Indiana Pacers,109,LAL,IND
2024-03-29,Los Angeles Clippers,100,Orlando Magic,97,LAC,ORL
2024-03-29,Detroit Pistons,96,Washington Wizards,87,DET,WAS
2024-03-29,Chicago Bulls,108,Brooklyn Nets,125,CHI,BRK
2024-03-29,Philadelphia 76ers,114,Cleveland Cavaliers,117,PHI,CLE
2024-03-29,Portland Trail Blazers,82,Miami Heat,142,POR,MIA
2024-03-29,Phoenix Suns,103,Oklahoma City Thunder,128,PHO,OKC
2024-03-29,New York Knicks,126,San Antonio Spurs,130,NYK,SAS
2024-03-29,Minnesota Timberwolves,111,Denver Nuggets,98,MIN,DEN
2024-03-29,Houston Rockets,101,Utah Jazz,100,HOU,UTA
2024-03-29,Dallas Mavericks,107,Sacramento Kings,103,DAL,SAC
2024-03-30,Boston Celtics,104,New Orleans Pelicans,92,BOS,NOP
2024-03-30,Memphis Grizzlies,88,Orlando Magic,118,MEM,ORL
2024-03-30,Milwaukee Bucks,122,Atlanta Hawks,113,MIL,ATL
2024-03-31,Cleveland Cavaliers,101,Denver Nuggets,130,CLE,DEN
2024-03-31,Los Angeles Lakers,116,Brooklyn Nets,104,LAL,BRK
2024-03-31,Los Angeles Clippers,130,Charlotte Hornets,118,LAC,CHO
2024-03-31,Philadelphia 76ers,135,Toronto Raptors,120,PHI,TOR
2024-03-31,Miami Heat,119,Washington Wizards,107,MIA,WAS
2024-03-31,Dallas Mavericks,125,Houston Rockets,107,DAL,HOU
2024-03-31,Chicago Bulls,109,Minnesota Timberwolves,101,CHI,MIN
2024-03-31,Oklahoma City Thunder,113,New York Knicks,112,OKC,NYK
2024-03-31,Golden State Warriors,117,San Antonio Spurs,113,GSW,SAS
2024-03-31,Utah Jazz,106,Sacramento Kings,127,UTA,SAC
2024-04-01,Boston Celtics,118,Charlotte Hornets,104,BOS,CHO
2024-04-01,Memphis Grizzlies,110,Detroit Pistons,108,MEM,DET
2024-04-01,Brooklyn Nets,111,Indiana Pacers,133,BRK,IND
2024-04-01,Portland Trail Blazers,103,Orlando Magic,104,POR,ORL
2024-04-01,Atlanta Hawks,113,Chicago Bulls,101,ATL,CHI
2024-04-01,Phoenix Suns,124,New Orleans Pelicans,111,PHO,NOP
2024-04-02,Los Angeles Lakers,128,Toronto Raptors,111,LAL,TOR
2024-04-02,Milwaukee Bucks,113,Washington Wizards,117,MIL,WAS
2024-04-02,New York Knicks,99,Miami Heat,109,NYK,MIA
2024-04-02,Oklahoma City Thunder,105,Philadelphia 76ers,109,OKC,PHI
2024-04-02,Houston Rockets,106,Minnesota Timberwolves,113,HOU,MIN
2024-04-02,San Antonio Spurs,105,Denver Nuggets,110,SAS,DEN
2024-04-02,Cleveland Cavaliers,129,Utah Jazz,113,CLE,UTA
2024-04-02,Dallas Mavericks,100,Golden State Warriors,104,DAL,GSW
2024-04-02,Los Angeles Clippers,95,Sacramento Kings,109,LAC,SAC
2024-04-03,Portland Trail Blazers,89,Charlotte Hornets,86,POR,CHO
2024-04-03,Los Angeles Lakers,125,Washington Wizards,120,LAL,WAS
2024-04-03,Detroit Pistons,113,Atlanta Hawks,121,DET,ATL
2024-04-03,Oklahoma City Thunder,100,Boston Celtics,135,OKC,BOS
2024-04-03,Indiana Pacers,111,Brooklyn Nets,115,IND,BRK
2024-04-03,Memphis Grizzlies,111,Milwaukee Bucks,101,MEM,MIL
2024-04-03,Toronto Raptors,85,Minnesota Timberwolves,133,TOR,MIN
2024-04-03,Orlando Magic,117,New Orleans Pelicans,108,ORL,NOP
2024-04-03,Cleveland Cavaliers,101,Phoenix Suns,122,CLE,PHO
2024-04-04,Atlanta Hawks,95,Dallas Mavericks,109,ATL,DAL
2024-04-04,Philadelphia 76ers,109,Miami Heat,105,PHI,MIA
2024-04-04,Sacramento Kings,109,New York Knicks,120,SAC,NYK
2024-04-04,Golden State Warriors,133,Houston Rockets,110,GSW,HOU
2024-04-04,Denver Nuggets,100,Los Angeles Clippers,102,DEN,LAC
2024-04-05,Orlando Magic,115,Charlotte Hornets,124,ORL,CHO
2024-04-05,Oklahoma City Thunder,112,Indiana Pacers,126,OKC,IND
2024-04-05,Portland Trail Blazers,108,Washington Wizards,102,POR,WAS
2024-04-05,Sacramento Kings,100,Boston Celtics,101,SAC,BOS
2024-04-05,New York Knicks,100,Chicago Bulls,108,NYK,CHI
2024-04-05,Miami Heat,119,Houston Rockets,104,MIA,HOU
2024-04-05,Detroit Pistons,90,Memphis Grizzlies,108,DET,MEM
2024-04-05,Toronto Raptors,117,Milwaukee Bucks,111,TOR,MIL
2024-04-05,San Antonio Spurs,111,New Orleans Pelicans,109,SAS,NOP
2024-04-05,Golden State Warriors,106,Dallas Mavericks,108,GSW,DAL
2024-04-05,Minnesota Timberwolves,87,Phoenix Suns,97,MIN,PHO
2024-04-05,Utah Jazz,102,Los Angeles Clippers,131,UTA,LAC
2024-04-06,Cleveland Cavaliers,97,Los Angeles Lakers,116,CLE,LAL
2024-04-06,Detroit Pistons,103,Brooklyn Nets,113,DET,BRK
2024-04-06,Philadelphia 76ers,116,Memphis Grizzlies,96,PHI,MEM
2024-04-06,Atlanta Hawks,110,Denver Nuggets,142,ATL,DEN
2024-04-07,Houston Rockets,136,Dallas Mavericks,147,HOU,DAL
2024-04-07,Cleveland Cavaliers,118,Los Angeles Clippers,120,CLE,LAC
2024-04-07,Miami Heat,115,Indiana Pacers,117,MIA,IND
2024-04-07,Portland Trail Blazers,107,Boston Celtics,124,POR,BOS
2024-04-07,Oklahoma City Thunder,121,Charlotte Hornets,118,OKC,CHO
2024-04-07,Chicago Bulls,98,Orlando Magic,113,CHI,ORL
2024-04-07,New Orleans Pelicans,113,Phoenix Suns,105,NOP,PHO
2024-04-07,Washington Wizards,122,Toronto Raptors,130,WAS,TOR
2024-04-07,New York Knicks,122,Milwaukee Bucks,109,NYK,MIL
2024-04-07,Philadelphia 76ers,133,San Antonio Spurs,126,PHI,SAS
2024-04-07,Sacramento Kings,107,Brooklyn Nets,77,SAC,BRK
2024-04-07,Utah Jazz,110,Golden State Warriors,118,UTA,GSW
2024-04-07,Minnesota Timberwolves,127,Los Angeles Lakers,117,MIN,LAL
2024-04-09,Dallas Mavericks,130,Charlotte Hornets,104,DAL,CHO
2024-04-09,Detroit Pistons,102,Philadelphia 76ers,120,DET,PHI
2024-04-09,Indiana Pacers,140,Toronto Raptors,123,IND,TOR
2024-04-09,Miami Heat,117,Atlanta Hawks,111,MIA,ATL
2024-04-09,Boston Celtics,91,Milwaukee Bucks,104,BOS,MIL
2024-04-09,New York Knicks,128,Chicago Bulls,117,NYK,CHI
2024-04-09,Orlando Magic,106,Houston Rockets,118,ORL,HOU
2024-04-09,San Antonio Spurs,102,Memphis Grizzlies,87,SAS,MEM
2024-04-09,Washington Wizards,121,Minnesota Timberwolves,130,WAS,MIN
2024-04-09,Sacramento Kings,105,Oklahoma City Thunder,112,SAC,OKC
2024-04-09,Denver Nuggets,111,Utah Jazz,95,DEN,UTA
2024-04-09,Golden State Warriors,134,Los Angeles Lakers,120,GSW,LAL
2024-04-09,Los Angeles Clippers,105,Phoenix Suns,92,LAC,PHO
2024-04-09,New Orleans Pelicans,110,Portland Trail Blazers,100,NOP,POR
2024-04-10,Memphis Grizzlies,98,Cleveland Cavaliers,110,MEM,CLE
2024-04-10,Charlotte Hornets,115,Atlanta Hawks,114,CHO,ATL
2024-04-10,Toronto Raptors,102,Brooklyn Nets,106,TOR,BRK
2024-04-10,Dallas Mavericks,111,Miami Heat,92,DAL,MIA
2024-04-10,Orlando Magic,99,Milwaukee Bucks,117,ORL,MIL
2024-04-10,San Antonio Spurs,89,Oklahoma City Thunder,127,SAS,OKC
2024-04-10,Minnesota Timberwolves,107,Denver Nuggets,116,MIN,DEN
2024-04-10,Phoenix Suns,124,Los Angeles Clippers,108,PHO,LAC
2024-04-11,Chicago Bulls,127,Detroit Pistons,105,CHI,DET
2024-04-11,New York Knicks,118,Boston Celtics,109,NYK,BOS
2024-04-11,Houston Rockets,121,Utah Jazz,124,HOU,UTA
2024-04-11,Golden State Warriors,100,Portland Trail Blazers,92,GSW,POR
2024-04-11,New Orleans Pelicans,135,Sacramento Kings,123,NOP,SAC
2024-04-12,Orlando Magic,113,Philadelphia 76ers,125,ORL,PHI
2024-04-12,Chicago Bulls,129,Washington Wizards,127,CHI,WAS
2024-04-12,Charlotte Hornets,98,Boston Celtics,131,CHO,BOS
2024-04-12,Indiana Pacers,120,Cleveland Cavaliers,129,IND,CLE
2024-04-12,Brooklyn Nets,107,New York Knicks,111,BRK,NYK
2024-04-12,Los Angeles Lakers,123,Memphis Grizzlies,120,LAL,MEM
2024-04-12,Toronto Raptors,103,Miami Heat,125,TOR,MIA
2024-04-12,Atlanta Hawks,106,Minnesota Timberwolves,109,ATL,MIN
2024-04-12,Milwaukee Bucks,107,Oklahoma City Thunder,125,MIL,OKC
2024-04-12,Denver Nuggets,120,San Antonio Spurs,121,DEN,SAS
2024-04-12,Detroit Pistons,107,Dallas Mavericks,89,DET,DAL
2024-04-12,New Orleans Pelicans,114,Golden State Warriors,109,NOP,GSW
2024-04-12,Houston Rockets,116,Portland Trail Blazers,107,HOU,POR
2024-04-12,Utah Jazz,110,Los Angeles Clippers,109,UTA,LAC
2024-04-12,Phoenix Suns,108,Sacramento Kings,107,PHO,SAC
2024-04-14,Washington Wizards,122,Boston Celtics,132,WAS,BOS
2024-04-14,Charlotte Hornets,120,Cleveland Cavaliers,110,CHO,CLE
2024-04-14,Atlanta Hawks,115,Indiana Pacers,157,ATL,IND
2024-04-14,Toronto Raptors,103,Miami Heat,118,TOR,MIA
2024-04-14,Chicago Bulls,119,New York Knicks,120,CHI,NYK
2024-04-14,Milwaukee Bucks,88,Orlando Magic,113,MIL,ORL
2024-04-14,Brooklyn Nets,86,Philadelphia 76ers,107,BRK,PHI
2024-04-14,Utah Jazz,116,Golden State Warriors,123,UTA,GSW
2024-04-14,Houston Rockets,116,Los Angeles Clippers,105,HOU,LAC
2024-04-14,Denver Nuggets,126,Memphis Grizzlies,111,DEN,MEM
2024-04-14,Phoenix Suns,125,Minnesota Timberwolves,106,PHO,MIN
2024-04-14,Los Angeles Lakers,124,New Orleans Pelicans,108,LAL,NOP
2024-04-14,Dallas Mavericks,86,Oklahoma City Thunder,135,DAL,OKC
2024-04-14,Portland Trail Blazers,82,Sacramento Kings,121,POR,SAC
2024-04-14,Detroit Pistons,95,San Antonio Spurs,123,DET,SAS
2024-04-16,Los Angeles Lakers,110,New Orleans Pelicans,106,LAL,NOP
2024-04-16,Golden State Warriors,94,Sacramento Kings,118,GSW,SAC
2024-04-17,Miami Heat,104,Philadelphia 76ers,105,MIA,PHI
2024-04-17,Atlanta Hawks,116,Chicago Bulls,131,ATL,CHI
2024-04-19,Chicago Bulls,91,Miami Heat,112,CHI,MIA
2024-04-19,Sacramento Kings,98,New Orleans Pelicans,105,SAC,NOP
2024-04-20,Orlando Magic,83,Cleveland Cavaliers,97,ORL,CLE
2024-04-20,Phoenix Suns,95,Minnesota Timberwolves,120,PHO,MIN
2024-04-20,Philadelphia 76ers,104,New York Knicks,111,PHI,NYK
2024-04-20,Los Angeles Lakers,103,Denver Nuggets,114,LAL,DEN
2024-04-21,Miami Heat,94,Boston Celtics,114,MIA,BOS
2024-04-21,Dallas Mavericks,97,Los Angeles Clippers,109,DAL,LAC
2024-04-21,Indiana Pacers,94,Milwaukee Bucks,109,IND,MIL
2024-04-21,New Orleans Pelicans,92,Oklahoma City Thunder,94,NOP,OKC
2024-04-22,Orlando Magic,86,Cleveland Cavaliers,96,ORL,CLE
2024-04-22,Philadelphia 76ers,101,New York Knicks,104,PHI,NYK
2024-04-22,Los Angeles Lakers,99,Denver Nuggets,101,LAL,DEN
2024-04-23,Phoenix Suns,93,Minnesota Timberwolves,105,PHO,MIN
2024-04-23,Indiana Pacers,125,Milwaukee Bucks,108,IND,MIL
2024-04-23,Dallas Mavericks,96,Los Angeles Clippers,93,DAL,LAC
2024-04-24,Miami Heat,111,Boston Celtics,101,MIA,BOS
2024-04-24,New Orleans Pelicans,92,Oklahoma City Thunder,124,NOP,OKC
2024-04-25,Cleveland Cavaliers,83,Orlando Magic,121,CLE,ORL
2024-04-25,New York Knicks,114,Philadelphia 76ers,125,NYK,PHI
2024-04-25,Denver Nuggets,112,Los Angeles Lakers,105,DEN,LAL
2024-04-26,Milwaukee Bucks,118,Indiana Pacers,121,MIL,IND
2024-04-26,Los Angeles Clippers,90,Dallas Mavericks,101,LAC,DAL
2024-04-26,Minnesota Timberwolves,126,Phoenix Suns,109,MIN,PHO
2024-04-27,Cleveland Cavaliers,89,Orlando Magic,112,CLE,ORL
2024-04-27,Oklahoma City Thunder,106,New Orleans Pelicans,85,OKC,NOP
2024-04-27,Boston Celtics,104,Miami Heat,84,BOS,MIA
2024-04-27,Denver Nuggets,108,Los Angeles Lakers,119,DEN,LAL
2024-04-28,New York Knicks,97,Philadelphia 76ers,92,NYK,PHI
2024-04-28,Los Angeles Clippers,116,Dallas Mavericks,111,LAC,DAL
2024-04-28,Milwaukee Bucks,113,Indiana Pacers,126,MIL,IND
2024-04-28,Minnesota Timberwolves,122,Phoenix Suns,116,MIN,PHO
2024-04-29,Boston Celtics,102,Miami Heat,88,BOS,MIA
2024-04-29,Oklahoma City Thunder,97,New Orleans Pelicans,89,OKC,NOP
2024-04-29,Los Angeles Lakers,106,Denver Nuggets,108,LAL,DEN
2024-04-30,Philadelphia 76ers,112,New York Knicks,106,PHI,NYK
2024-04-30,Orlando Magic,103,Cleveland Cavaliers,104,ORL,CLE
2024-04-30,Indiana Pacers,92,Milwaukee Bucks,115,IND,MIL
2024-05-01,Miami Heat,84,Boston Celtics,118,MIA,BOS
2024-05-01,Dallas Mavericks,123,Los Angeles Clippers,93,DAL,LAC
2024-05-02,Milwaukee Bucks,98,Indiana Pacers,120,MIL,IND
2024-05-02,New York Knicks,118,Philadelphia 76ers,115,NYK,PHI
2024-05-03,Cleveland Cavaliers,96,Orlando Magic,103,CLE,ORL
2024-05-03,Los Angeles Clippers,101,Dallas Mavericks,114,LAC,DAL
2024-05-04,Minnesota Timberwolves,106,Denver Nuggets,99,MIN,DEN
2024-05-05,Orlando Magic,94,Cleveland Cavaliers,106,ORL,CLE
2024-05-06,Indiana Pacers,117,New York Knicks,121,IND,NYK
2024-05-06,Minnesota Timberwolves,106,Denver Nuggets,80,MIN,DEN
2024-05-07,Cleveland Cavaliers,95,Boston Celtics,120,CLE,BOS
2024-05-07,Dallas Mavericks,95,Oklahoma City Thunder,117,DAL,OKC
2024-05-08,Indiana Pacers,121,New York Knicks,130,IND,NYK
2024-05-09,Cleveland Cavaliers,118,Boston Celtics,94,CLE,BOS
2024-05-09,Dallas Mavericks,119,Oklahoma City Thunder,110,DAL,OKC
2024-05-10,New York Knicks,106,Indiana Pacers,111,NYK,IND
2024-05-10,Denver Nuggets,117,Minnesota Timberwolves,90,DEN,MIN
2024-05-11,Oklahoma City Thunder,101,Dallas Mavericks,105,OKC,DAL
2024-05-11,Boston Celtics,106,Cleveland Cavaliers,93,BOS,CLE
2024-05-12,New York Knicks,89,Indiana Pacers,121,NYK,IND
2024-05-12,Denver Nuggets,115,Minnesota Timberwolves,107,DEN,MIN
2024-05-13,Boston Celtics,109,Cleveland Cavaliers,102,BOS,CLE
2024-05-13,Oklahoma City Thunder,100,Dallas Mavericks,96,OKC,DAL
2024-05-14,Indiana Pacers,91,New York Knicks,121,IND,NYK
2024-05-14,Minnesota Timberwolves,97,Denver Nuggets,112,MIN,DEN
2024-05-15,Cleveland Cavaliers,98,Boston Celtics,113,CLE,BOS
2024-05-15,Dallas Mavericks,104,Oklahoma City Thunder,92,DAL,OKC
2024-05-16,Denver Nuggets,70,Minnesota Timberwolves,115,DEN,MIN
2024-05-17,New York Knicks,103,Indiana Pacers,116,NYK,IND
2024-05-18,Oklahoma City Thunder,116,Dallas Mavericks,117,OKC,DAL
2024-05-19,Indiana Pacers,130,New York Knicks,109,IND,NYK
2024-05-19,Minnesota Timberwolves,98,Denver Nuggets,90,MIN,DEN
2024-05-21,Indiana Pacers,128,Boston Celtics,133,IND,BOS
2024-05-22,Dallas Mavericks,108,Minnesota Timberwolves,105,DAL,MIN
2024-05-23,Indiana Pacers,110,Boston Celtics,126,IND,BOS
2024-05-24,Dallas Mavericks,109,Minnesota Timberwolves,108,DAL,MIN
2024-05-25,Boston Celtics,114,Indiana Pacers,111,BOS,IND
2024-05-26,Minnesota Timberwolves,107,Dallas Mavericks,116,MIN,DAL
2024-05-27,Boston Celtics,105,Indiana Pacers,102,BOS,IND
2024-05-28,Minnesota Timberwolves,105,Dallas Mavericks,100,MIN,DAL
2024-05-30,Dallas Mavericks,124,Minnesota Timberwolves,103,DAL,MIN
2024-06-06,Dallas Mavericks,89,Boston Celtics,107,DAL,BOS
2024-06-09,Dallas Mavericks,98,Boston Celtics,105,DAL,BOS
2024-06-12,Boston Celtics,106,Dallas Mavericks,99,BOS,DAL
2024-06-14,Boston Celtics,84,Dallas Mavericks,122,BOS,DAL
2024-06-17,Dallas Mavericks,88,Boston Celtics,106,DAL,BOS
